-- phpMyAdmin SQL Dump
-- version 5.2.1
-- https://www.phpmyadmin.net/
--
-- Host: 127.0.0.1
-- Generation Time: Jan 15, 2025 at 01:43 AM
-- Server version: 10.4.32-MariaDB
-- PHP Version: 8.2.12

SET SQL_MODE = "NO_AUTO_VALUE_ON_ZERO";
START TRANSACTION;
SET time_zone = "+00:00";


/*!40101 SET @OLD_CHARACTER_SET_CLIENT=@@CHARACTER_SET_CLIENT */;
/*!40101 SET @OLD_CHARACTER_SET_RESULTS=@@CHARACTER_SET_RESULTS */;
/*!40101 SET @OLD_COLLATION_CONNECTION=@@COLLATION_CONNECTION */;
/*!40101 SET NAMES utf8mb4 */;

--
-- Database: `homestead`
--

-- --------------------------------------------------------

--
-- Table structure for table `blood_groups`
--

CREATE TABLE `blood_groups` (
  `id` int(10) UNSIGNED NOT NULL,
  `name` varchar(255) NOT NULL,
  `created_at` timestamp NULL DEFAULT NULL,
  `updated_at` timestamp NULL DEFAULT NULL
) ENGINE=InnoDB DEFAULT CHARSET=utf8mb4 COLLATE=utf8mb4_unicode_ci;

--
-- Dumping data for table `blood_groups`
--

INSERT INTO `blood_groups` (`id`, `name`, `created_at`, `updated_at`) VALUES
(1, 'O-', '2024-12-19 21:14:25', '2024-12-19 21:14:25'),
(2, 'O+', '2024-12-19 21:14:25', '2024-12-19 21:14:25'),
(3, 'A+', '2024-12-19 21:14:25', '2024-12-19 21:14:25'),
(4, 'A-', '2024-12-19 21:14:25', '2024-12-19 21:14:25'),
(5, 'B+', '2024-12-19 21:14:25', '2024-12-19 21:14:25'),
(6, 'B-', '2024-12-19 21:14:25', '2024-12-19 21:14:25'),
(7, 'AB+', '2024-12-19 21:14:26', '2024-12-19 21:14:26'),
(8, 'AB-', '2024-12-19 21:14:26', '2024-12-19 21:14:26');

-- --------------------------------------------------------

--
-- Table structure for table `books`
--

CREATE TABLE `books` (
  `id` int(10) UNSIGNED NOT NULL,
  `name` varchar(100) NOT NULL,
  `my_class_id` int(10) UNSIGNED DEFAULT NULL,
  `description` varchar(255) DEFAULT NULL,
  `author` varchar(255) DEFAULT NULL,
  `book_type` varchar(255) DEFAULT NULL,
  `url` varchar(255) DEFAULT NULL,
  `location` varchar(255) DEFAULT NULL,
  `total_copies` int(11) DEFAULT NULL,
  `issued_copies` int(11) DEFAULT NULL,
  `created_at` timestamp NULL DEFAULT NULL,
  `updated_at` timestamp NULL DEFAULT NULL
) ENGINE=InnoDB DEFAULT CHARSET=utf8mb4 COLLATE=utf8mb4_unicode_ci;

-- --------------------------------------------------------

--
-- Table structure for table `book_requests`
--

CREATE TABLE `book_requests` (
  `id` int(10) UNSIGNED NOT NULL,
  `book_id` int(10) UNSIGNED NOT NULL,
  `user_id` int(10) UNSIGNED NOT NULL,
  `start_date` varchar(255) NOT NULL,
  `end_date` varchar(255) NOT NULL,
  `returned` varchar(255) NOT NULL DEFAULT '0',
  `status` varchar(255) DEFAULT NULL,
  `created_at` timestamp NULL DEFAULT NULL,
  `updated_at` timestamp NULL DEFAULT NULL
) ENGINE=InnoDB DEFAULT CHARSET=utf8mb4 COLLATE=utf8mb4_unicode_ci;

-- --------------------------------------------------------

--
-- Table structure for table `class_types`
--

CREATE TABLE `class_types` (
  `id` int(10) UNSIGNED NOT NULL,
  `name` varchar(255) NOT NULL,
  `code` varchar(255) NOT NULL,
  `created_at` timestamp NULL DEFAULT NULL,
  `updated_at` timestamp NULL DEFAULT NULL
) ENGINE=InnoDB DEFAULT CHARSET=utf8mb4 COLLATE=utf8mb4_unicode_ci;

--
-- Dumping data for table `class_types`
--

INSERT INTO `class_types` (`id`, `name`, `code`, `created_at`, `updated_at`) VALUES
(4, 'Primary', 'PRI', NULL, NULL),
(5, 'Secondary', 'SEC', NULL, NULL);

-- --------------------------------------------------------

--
-- Table structure for table `dorms`
--

CREATE TABLE `dorms` (
  `id` int(10) UNSIGNED NOT NULL,
  `name` varchar(100) NOT NULL,
  `description` varchar(255) DEFAULT NULL,
  `created_at` timestamp NULL DEFAULT NULL,
  `updated_at` timestamp NULL DEFAULT NULL
) ENGINE=InnoDB DEFAULT CHARSET=utf8mb4 COLLATE=utf8mb4_unicode_ci;

--
-- Dumping data for table `dorms`
--

INSERT INTO `dorms` (`id`, `name`, `description`, `created_at`, `updated_at`) VALUES
(1, 'Faith Hostel', NULL, NULL, NULL),
(2, 'Peace Hostel', NULL, NULL, NULL),
(3, 'Grace Hostel', NULL, NULL, NULL),
(4, 'Success Hostel', NULL, NULL, NULL),
(5, 'Trust Hostel', NULL, NULL, NULL);

-- --------------------------------------------------------

--
-- Table structure for table `exams`
--

CREATE TABLE `exams` (
  `id` int(10) UNSIGNED NOT NULL,
  `name` varchar(255) NOT NULL,
  `term` tinyint(4) NOT NULL,
  `year` varchar(40) NOT NULL,
  `created_at` timestamp NULL DEFAULT NULL,
  `updated_at` timestamp NULL DEFAULT NULL
) ENGINE=InnoDB DEFAULT CHARSET=utf8mb4 COLLATE=utf8mb4_unicode_ci;

--
-- Dumping data for table `exams`
--

INSERT INTO `exams` (`id`, `name`, `term`, `year`, `created_at`, `updated_at`) VALUES
(3, 'exam 1', 1, '2024-2025', '2024-12-22 21:34:54', '2024-12-22 21:34:54'),
(4, 'exam 2', 2, '2024-2025', '2024-12-22 21:37:40', '2024-12-22 21:37:40'),
(7, 'test one', 3, '2024-2025', '2024-12-23 23:54:18', '2024-12-23 23:54:18');

-- --------------------------------------------------------

--
-- Table structure for table `exam_records`
--

CREATE TABLE `exam_records` (
  `id` int(10) UNSIGNED NOT NULL,
  `exam_id` int(10) UNSIGNED NOT NULL,
  `student_id` int(10) UNSIGNED NOT NULL,
  `my_class_id` int(10) UNSIGNED NOT NULL,
  `section_id` int(10) UNSIGNED NOT NULL,
  `total` int(11) DEFAULT NULL,
  `ave` varchar(255) DEFAULT NULL,
  `class_ave` varchar(255) DEFAULT NULL,
  `pos` int(11) DEFAULT NULL,
  `af` varchar(255) DEFAULT NULL,
  `ps` varchar(255) DEFAULT NULL,
  `p_comment` varchar(255) DEFAULT NULL,
  `t_comment` varchar(255) DEFAULT NULL,
  `year` varchar(255) NOT NULL,
  `created_at` timestamp NULL DEFAULT NULL,
  `updated_at` timestamp NULL DEFAULT NULL
) ENGINE=InnoDB DEFAULT CHARSET=utf8mb4 COLLATE=utf8mb4_unicode_ci;

--
-- Dumping data for table `exam_records`
--

INSERT INTO `exam_records` (`id`, `exam_id`, `student_id`, `my_class_id`, `section_id`, `total`, `ave`, `class_ave`, `pos`, `af`, `ps`, `p_comment`, `t_comment`, `year`, `created_at`, `updated_at`) VALUES
(2, 3, 57, 9, 11, 652, '81.5', '81.5', 1, '1,1,1,1,1,1,1', '1,1,1,1,1,1,1', 'Keep going', 'the good one', '2024-2025', '2024-12-26 10:51:46', '2025-01-13 17:46:54');

-- --------------------------------------------------------

--
-- Table structure for table `grades`
--

CREATE TABLE `grades` (
  `id` int(10) UNSIGNED NOT NULL,
  `name` varchar(40) NOT NULL,
  `class_type_id` int(10) UNSIGNED DEFAULT NULL,
  `mark_from` tinyint(4) NOT NULL,
  `mark_to` tinyint(4) NOT NULL,
  `remark` varchar(40) DEFAULT NULL,
  `created_at` timestamp NULL DEFAULT NULL,
  `updated_at` timestamp NULL DEFAULT NULL
) ENGINE=InnoDB DEFAULT CHARSET=utf8mb4 COLLATE=utf8mb4_unicode_ci;

--
-- Dumping data for table `grades`
--

INSERT INTO `grades` (`id`, `name`, `class_type_id`, `mark_from`, `mark_to`, `remark`, `created_at`, `updated_at`) VALUES
(1, 'A', 5, 70, 100, 'Excellent', NULL, '2024-12-26 05:23:06'),
(2, 'B', 5, 60, 69, 'Very Good', NULL, NULL),
(3, 'C', 5, 50, 59, 'Good', NULL, NULL),
(4, 'D', 5, 45, 49, 'Pass', NULL, NULL),
(5, 'E', 5, 40, 44, 'Poor', NULL, NULL),
(6, 'F', 5, 0, 39, 'Fail', NULL, NULL);

-- --------------------------------------------------------

--
-- Table structure for table `lgas`
--

CREATE TABLE `lgas` (
  `id` int(10) UNSIGNED NOT NULL,
  `state_id` int(10) UNSIGNED NOT NULL,
  `name` varchar(255) NOT NULL,
  `created_at` timestamp NULL DEFAULT NULL,
  `updated_at` timestamp NULL DEFAULT NULL
) ENGINE=InnoDB DEFAULT CHARSET=utf8mb4 COLLATE=utf8mb4_unicode_ci;

--
-- Dumping data for table `lgas`
--

INSERT INTO `lgas` (`id`, `state_id`, `name`, `created_at`, `updated_at`) VALUES
(1, 1, 'Aba North', '2024-12-19 21:14:42', '2024-12-19 21:14:42'),
(2, 1, 'Aba South', '2024-12-19 21:14:42', '2024-12-19 21:14:42'),
(3, 1, 'Arochukwu', '2024-12-19 21:14:42', '2024-12-19 21:14:42'),
(4, 1, 'Bende', '2024-12-19 21:14:42', '2024-12-19 21:14:42'),
(5, 1, 'Ikwuano', '2024-12-19 21:14:42', '2024-12-19 21:14:42'),
(6, 1, 'Isiala Ngwa North', '2024-12-19 21:14:42', '2024-12-19 21:14:42'),
(7, 1, 'Isiala Ngwa South', '2024-12-19 21:14:42', '2024-12-19 21:14:42'),
(8, 1, 'Isuikwuato', '2024-12-19 21:14:42', '2024-12-19 21:14:42'),
(9, 1, 'Obi Ngwa', '2024-12-19 21:14:42', '2024-12-19 21:14:42'),
(10, 1, 'Ohafia', '2024-12-19 21:14:42', '2024-12-19 21:14:42'),
(11, 1, 'Osisioma', '2024-12-19 21:14:42', '2024-12-19 21:14:42'),
(12, 1, 'Ugwunagbo', '2024-12-19 21:14:43', '2024-12-19 21:14:43'),
(13, 1, 'Ukwa East', '2024-12-19 21:14:43', '2024-12-19 21:14:43'),
(14, 1, 'Ukwa West', '2024-12-19 21:14:43', '2024-12-19 21:14:43'),
(15, 1, 'Umuahia North', '2024-12-19 21:14:43', '2024-12-19 21:14:43'),
(16, 1, 'Umuahia South', '2024-12-19 21:14:43', '2024-12-19 21:14:43'),
(17, 1, 'Umu Nneochi', '2024-12-19 21:14:43', '2024-12-19 21:14:43'),
(18, 2, 'Demsa', '2024-12-19 21:14:43', '2024-12-19 21:14:43'),
(19, 2, 'Fufure', '2024-12-19 21:14:43', '2024-12-19 21:14:43'),
(20, 2, 'Ganye', '2024-12-19 21:14:43', '2024-12-19 21:14:43'),
(21, 2, 'Gayuk', '2024-12-19 21:14:43', '2024-12-19 21:14:43'),
(22, 2, 'Gombi', '2024-12-19 21:14:43', '2024-12-19 21:14:43'),
(23, 2, 'Grie', '2024-12-19 21:14:43', '2024-12-19 21:14:43'),
(24, 2, 'Hong', '2024-12-19 21:14:43', '2024-12-19 21:14:43'),
(25, 2, 'Jada', '2024-12-19 21:14:43', '2024-12-19 21:14:43'),
(26, 2, 'Larmurde', '2024-12-19 21:14:43', '2024-12-19 21:14:43'),
(27, 2, 'Madagali', '2024-12-19 21:14:43', '2024-12-19 21:14:43'),
(28, 2, 'Maiha', '2024-12-19 21:14:43', '2024-12-19 21:14:43'),
(29, 2, 'Mayo Belwa', '2024-12-19 21:14:43', '2024-12-19 21:14:43'),
(30, 2, 'Michika', '2024-12-19 21:14:43', '2024-12-19 21:14:43'),
(31, 2, 'Mubi North', '2024-12-19 21:14:44', '2024-12-19 21:14:44'),
(32, 2, 'Mubi South', '2024-12-19 21:14:44', '2024-12-19 21:14:44'),
(33, 2, 'Numan', '2024-12-19 21:14:44', '2024-12-19 21:14:44'),
(34, 2, 'Shelleng', '2024-12-19 21:14:44', '2024-12-19 21:14:44'),
(35, 2, 'Song', '2024-12-19 21:14:44', '2024-12-19 21:14:44'),
(36, 2, 'Toungo', '2024-12-19 21:14:44', '2024-12-19 21:14:44'),
(37, 2, 'Yola North', '2024-12-19 21:14:44', '2024-12-19 21:14:44'),
(38, 2, 'Yola South', '2024-12-19 21:14:44', '2024-12-19 21:14:44'),
(39, 3, 'Abak', '2024-12-19 21:14:44', '2024-12-19 21:14:44'),
(40, 3, 'Eastern Obolo', '2024-12-19 21:14:44', '2024-12-19 21:14:44'),
(41, 3, 'Eket', '2024-12-19 21:14:44', '2024-12-19 21:14:44'),
(42, 3, 'Esit Eket', '2024-12-19 21:14:44', '2024-12-19 21:14:44'),
(43, 3, 'Essien Udim', '2024-12-19 21:14:44', '2024-12-19 21:14:44'),
(44, 3, 'Etim Ekpo', '2024-12-19 21:14:44', '2024-12-19 21:14:44'),
(45, 3, 'Etinan', '2024-12-19 21:14:44', '2024-12-19 21:14:44'),
(46, 3, 'Ibeno', '2024-12-19 21:14:44', '2024-12-19 21:14:44'),
(47, 3, 'Ibesikpo Asutan', '2024-12-19 21:14:44', '2024-12-19 21:14:44'),
(48, 3, 'Ibiono-Ibom', '2024-12-19 21:14:44', '2024-12-19 21:14:44'),
(49, 3, 'Ika', '2024-12-19 21:14:44', '2024-12-19 21:14:44'),
(50, 3, 'Ikono', '2024-12-19 21:14:45', '2024-12-19 21:14:45'),
(51, 3, 'Ikot Abasi', '2024-12-19 21:14:45', '2024-12-19 21:14:45'),
(52, 3, 'Ikot Ekpene', '2024-12-19 21:14:45', '2024-12-19 21:14:45'),
(53, 3, 'Ini', '2024-12-19 21:14:45', '2024-12-19 21:14:45'),
(54, 3, 'Itu', '2024-12-19 21:14:45', '2024-12-19 21:14:45'),
(55, 3, 'Mbo', '2024-12-19 21:14:45', '2024-12-19 21:14:45'),
(56, 3, 'Mkpat-Enin', '2024-12-19 21:14:45', '2024-12-19 21:14:45'),
(57, 3, 'Nsit-Atai', '2024-12-19 21:14:45', '2024-12-19 21:14:45'),
(58, 3, 'Nsit-Ibom', '2024-12-19 21:14:45', '2024-12-19 21:14:45'),
(59, 3, 'Nsit-Ubium', '2024-12-19 21:14:45', '2024-12-19 21:14:45'),
(60, 3, 'Obot Akara', '2024-12-19 21:14:45', '2024-12-19 21:14:45'),
(61, 3, 'Okobo', '2024-12-19 21:14:45', '2024-12-19 21:14:45'),
(62, 3, 'Onna', '2024-12-19 21:14:45', '2024-12-19 21:14:45'),
(63, 3, 'Oron', '2024-12-19 21:14:45', '2024-12-19 21:14:45'),
(64, 3, 'Oruk Anam', '2024-12-19 21:14:45', '2024-12-19 21:14:45'),
(65, 3, 'Udung-Uko', '2024-12-19 21:14:45', '2024-12-19 21:14:45'),
(66, 3, 'Ukanafun', '2024-12-19 21:14:45', '2024-12-19 21:14:45'),
(67, 3, 'Uruan', '2024-12-19 21:14:45', '2024-12-19 21:14:45'),
(68, 3, 'Urue-Offong/Oruko', '2024-12-19 21:14:46', '2024-12-19 21:14:46'),
(69, 3, 'Uyo', '2024-12-19 21:14:46', '2024-12-19 21:14:46'),
(70, 4, 'Aguata', '2024-12-19 21:14:46', '2024-12-19 21:14:46'),
(71, 4, 'Anambra East', '2024-12-19 21:14:46', '2024-12-19 21:14:46'),
(72, 4, 'Anambra West', '2024-12-19 21:14:46', '2024-12-19 21:14:46'),
(73, 4, 'Anaocha', '2024-12-19 21:14:46', '2024-12-19 21:14:46'),
(74, 4, 'Awka North', '2024-12-19 21:14:46', '2024-12-19 21:14:46'),
(75, 4, 'Awka South', '2024-12-19 21:14:46', '2024-12-19 21:14:46'),
(76, 4, 'Ayamelum', '2024-12-19 21:14:46', '2024-12-19 21:14:46'),
(77, 4, 'Dunukofia', '2024-12-19 21:14:46', '2024-12-19 21:14:46'),
(78, 4, 'Ekwusigo', '2024-12-19 21:14:46', '2024-12-19 21:14:46'),
(79, 4, 'Idemili North', '2024-12-19 21:14:46', '2024-12-19 21:14:46'),
(80, 4, 'Idemili South', '2024-12-19 21:14:46', '2024-12-19 21:14:46'),
(81, 4, 'Ihiala', '2024-12-19 21:14:46', '2024-12-19 21:14:46'),
(82, 4, 'Njikoka', '2024-12-19 21:14:46', '2024-12-19 21:14:46'),
(83, 4, 'Nnewi North', '2024-12-19 21:14:46', '2024-12-19 21:14:46'),
(84, 4, 'Nnewi South', '2024-12-19 21:14:46', '2024-12-19 21:14:46'),
(85, 4, 'Ogbaru', '2024-12-19 21:14:47', '2024-12-19 21:14:47'),
(86, 4, 'Onitsha North', '2024-12-19 21:14:47', '2024-12-19 21:14:47'),
(87, 4, 'Onitsha South', '2024-12-19 21:14:47', '2024-12-19 21:14:47'),
(88, 4, 'Orumba North', '2024-12-19 21:14:47', '2024-12-19 21:14:47'),
(89, 4, 'Orumba South', '2024-12-19 21:14:47', '2024-12-19 21:14:47'),
(90, 4, 'Oyi', '2024-12-19 21:14:47', '2024-12-19 21:14:47'),
(91, 5, 'Alkaleri', '2024-12-19 21:14:47', '2024-12-19 21:14:47'),
(92, 5, 'Bauchi', '2024-12-19 21:14:47', '2024-12-19 21:14:47'),
(93, 5, 'Bogoro', '2024-12-19 21:14:47', '2024-12-19 21:14:47'),
(94, 5, 'Damban', '2024-12-19 21:14:47', '2024-12-19 21:14:47'),
(95, 5, 'Darazo', '2024-12-19 21:14:47', '2024-12-19 21:14:47'),
(96, 5, 'Dass', '2024-12-19 21:14:47', '2024-12-19 21:14:47'),
(97, 5, 'Gamawa', '2024-12-19 21:14:47', '2024-12-19 21:14:47'),
(98, 5, 'Ganjuwa', '2024-12-19 21:14:47', '2024-12-19 21:14:47'),
(99, 5, 'Giade', '2024-12-19 21:14:47', '2024-12-19 21:14:47'),
(100, 5, 'Itas/Gadau', '2024-12-19 21:14:47', '2024-12-19 21:14:47'),
(101, 5, 'Jama\'are', '2024-12-19 21:14:47', '2024-12-19 21:14:47'),
(102, 5, 'Katagum', '2024-12-19 21:14:47', '2024-12-19 21:14:47'),
(103, 5, 'Kirfi', '2024-12-19 21:14:47', '2024-12-19 21:14:47'),
(104, 5, 'Misau', '2024-12-19 21:14:47', '2024-12-19 21:14:47'),
(105, 5, 'Ningi', '2024-12-19 21:14:47', '2024-12-19 21:14:47'),
(106, 5, 'Shira', '2024-12-19 21:14:48', '2024-12-19 21:14:48'),
(107, 5, 'Tafawa Balewa', '2024-12-19 21:14:48', '2024-12-19 21:14:48'),
(108, 5, 'Toro', '2024-12-19 21:14:48', '2024-12-19 21:14:48'),
(109, 5, 'Warji', '2024-12-19 21:14:48', '2024-12-19 21:14:48'),
(110, 5, 'Zaki', '2024-12-19 21:14:48', '2024-12-19 21:14:48'),
(111, 6, 'Brass', '2024-12-19 21:14:48', '2024-12-19 21:14:48'),
(112, 6, 'Ekeremor', '2024-12-19 21:14:48', '2024-12-19 21:14:48'),
(113, 6, 'Kolokuma/Opokuma', '2024-12-19 21:14:48', '2024-12-19 21:14:48'),
(114, 6, 'Nembe', '2024-12-19 21:14:48', '2024-12-19 21:14:48'),
(115, 6, 'Ogbia', '2024-12-19 21:14:48', '2024-12-19 21:14:48'),
(116, 6, 'Sagbama', '2024-12-19 21:14:48', '2024-12-19 21:14:48'),
(117, 6, 'Southern Ijaw', '2024-12-19 21:14:48', '2024-12-19 21:14:48'),
(118, 6, 'Yenagoa', '2024-12-19 21:14:48', '2024-12-19 21:14:48'),
(119, 7, 'Agatu', '2024-12-19 21:14:48', '2024-12-19 21:14:48'),
(120, 7, 'Apa', '2024-12-19 21:14:48', '2024-12-19 21:14:48'),
(121, 7, 'Ado', '2024-12-19 21:14:48', '2024-12-19 21:14:48'),
(122, 7, 'Buruku', '2024-12-19 21:14:48', '2024-12-19 21:14:48'),
(123, 7, 'Gboko', '2024-12-19 21:14:48', '2024-12-19 21:14:48'),
(124, 7, 'Guma', '2024-12-19 21:14:49', '2024-12-19 21:14:49'),
(125, 7, 'Gwer East', '2024-12-19 21:14:49', '2024-12-19 21:14:49'),
(126, 7, 'Gwer West', '2024-12-19 21:14:49', '2024-12-19 21:14:49'),
(127, 7, 'Katsina-Ala', '2024-12-19 21:14:49', '2024-12-19 21:14:49'),
(128, 7, 'Konshisha', '2024-12-19 21:14:49', '2024-12-19 21:14:49'),
(129, 7, 'Kwande', '2024-12-19 21:14:49', '2024-12-19 21:14:49'),
(130, 7, 'Logo', '2024-12-19 21:14:49', '2024-12-19 21:14:49'),
(131, 7, 'Makurdi', '2024-12-19 21:14:49', '2024-12-19 21:14:49'),
(132, 7, 'Obi', '2024-12-19 21:14:49', '2024-12-19 21:14:49'),
(133, 7, 'Ogbadibo', '2024-12-19 21:14:49', '2024-12-19 21:14:49'),
(134, 7, 'Ohimini', '2024-12-19 21:14:49', '2024-12-19 21:14:49'),
(135, 7, 'Oju', '2024-12-19 21:14:49', '2024-12-19 21:14:49'),
(136, 7, 'Okpokwu', '2024-12-19 21:14:49', '2024-12-19 21:14:49'),
(137, 7, 'Oturkpo', '2024-12-19 21:14:49', '2024-12-19 21:14:49'),
(138, 7, 'Tarka', '2024-12-19 21:14:49', '2024-12-19 21:14:49'),
(139, 7, 'Ukum', '2024-12-19 21:14:49', '2024-12-19 21:14:49'),
(140, 7, 'Ushongo', '2024-12-19 21:14:49', '2024-12-19 21:14:49'),
(141, 7, 'Vandeikya', '2024-12-19 21:14:49', '2024-12-19 21:14:49'),
(142, 8, 'Abadam', '2024-12-19 21:14:49', '2024-12-19 21:14:49'),
(143, 8, 'Askira/Uba', '2024-12-19 21:14:49', '2024-12-19 21:14:49'),
(144, 8, 'Bama', '2024-12-19 21:14:50', '2024-12-19 21:14:50'),
(145, 8, 'Bayo', '2024-12-19 21:14:50', '2024-12-19 21:14:50'),
(146, 8, 'Biu', '2024-12-19 21:14:50', '2024-12-19 21:14:50'),
(147, 8, 'Chibok', '2024-12-19 21:14:50', '2024-12-19 21:14:50'),
(148, 8, 'Damboa', '2024-12-19 21:14:50', '2024-12-19 21:14:50'),
(149, 8, 'Dikwa', '2024-12-19 21:14:50', '2024-12-19 21:14:50'),
(150, 8, 'Gubio', '2024-12-19 21:14:50', '2024-12-19 21:14:50'),
(151, 8, 'Guzamala', '2024-12-19 21:14:50', '2024-12-19 21:14:50'),
(152, 8, 'Gwoza', '2024-12-19 21:14:50', '2024-12-19 21:14:50'),
(153, 8, 'Hawul', '2024-12-19 21:14:50', '2024-12-19 21:14:50'),
(154, 8, 'Jere', '2024-12-19 21:14:50', '2024-12-19 21:14:50'),
(155, 8, 'Kaga', '2024-12-19 21:14:50', '2024-12-19 21:14:50'),
(156, 8, 'Kala/Balge', '2024-12-19 21:14:50', '2024-12-19 21:14:50'),
(157, 8, 'Konduga', '2024-12-19 21:14:50', '2024-12-19 21:14:50'),
(158, 8, 'Kukawa', '2024-12-19 21:14:50', '2024-12-19 21:14:50'),
(159, 8, 'Kwaya Kusar', '2024-12-19 21:14:50', '2024-12-19 21:14:50'),
(160, 8, 'Mafa', '2024-12-19 21:14:50', '2024-12-19 21:14:50'),
(161, 8, 'Magumeri', '2024-12-19 21:14:50', '2024-12-19 21:14:50'),
(162, 8, 'Maiduguri', '2024-12-19 21:14:50', '2024-12-19 21:14:50'),
(163, 8, 'Marte', '2024-12-19 21:14:50', '2024-12-19 21:14:50'),
(164, 8, 'Mobbar', '2024-12-19 21:14:51', '2024-12-19 21:14:51'),
(165, 8, 'Monguno', '2024-12-19 21:14:51', '2024-12-19 21:14:51'),
(166, 8, 'Ngala', '2024-12-19 21:14:51', '2024-12-19 21:14:51'),
(167, 8, 'Nganzai', '2024-12-19 21:14:51', '2024-12-19 21:14:51'),
(168, 8, 'Shani', '2024-12-19 21:14:51', '2024-12-19 21:14:51'),
(169, 9, 'Abi', '2024-12-19 21:14:51', '2024-12-19 21:14:51'),
(170, 9, 'Akamkpa', '2024-12-19 21:14:51', '2024-12-19 21:14:51'),
(171, 9, 'Akpabuyo', '2024-12-19 21:14:51', '2024-12-19 21:14:51'),
(172, 9, 'Bakassi', '2024-12-19 21:14:51', '2024-12-19 21:14:51'),
(173, 9, 'Bekwarra', '2024-12-19 21:14:51', '2024-12-19 21:14:51'),
(174, 9, 'Biase', '2024-12-19 21:14:51', '2024-12-19 21:14:51'),
(175, 9, 'Boki', '2024-12-19 21:14:51', '2024-12-19 21:14:51'),
(176, 9, 'Calabar Municipal', '2024-12-19 21:14:51', '2024-12-19 21:14:51'),
(177, 9, 'Calabar South', '2024-12-19 21:14:51', '2024-12-19 21:14:51'),
(178, 9, 'Etung', '2024-12-19 21:14:51', '2024-12-19 21:14:51'),
(179, 9, 'Ikom', '2024-12-19 21:14:51', '2024-12-19 21:14:51'),
(180, 9, 'Obanliku', '2024-12-19 21:14:51', '2024-12-19 21:14:51'),
(181, 9, 'Obubra', '2024-12-19 21:14:51', '2024-12-19 21:14:51'),
(182, 9, 'Obudu', '2024-12-19 21:14:51', '2024-12-19 21:14:51'),
(183, 9, 'Odukpani', '2024-12-19 21:14:51', '2024-12-19 21:14:51'),
(184, 9, 'Ogoja', '2024-12-19 21:14:51', '2024-12-19 21:14:51'),
(185, 9, 'Yakuur', '2024-12-19 21:14:51', '2024-12-19 21:14:51'),
(186, 9, 'Yala', '2024-12-19 21:14:52', '2024-12-19 21:14:52'),
(187, 10, 'Aniocha North', '2024-12-19 21:14:52', '2024-12-19 21:14:52'),
(188, 10, 'Aniocha South', '2024-12-19 21:14:52', '2024-12-19 21:14:52'),
(189, 10, 'Bomadi', '2024-12-19 21:14:52', '2024-12-19 21:14:52'),
(190, 10, 'Burutu', '2024-12-19 21:14:52', '2024-12-19 21:14:52'),
(191, 10, 'Ethiope East', '2024-12-19 21:14:52', '2024-12-19 21:14:52'),
(192, 10, 'Ethiope West', '2024-12-19 21:14:52', '2024-12-19 21:14:52'),
(193, 10, 'Ika North East', '2024-12-19 21:14:52', '2024-12-19 21:14:52'),
(194, 10, 'Ika South', '2024-12-19 21:14:52', '2024-12-19 21:14:52'),
(195, 10, 'Isoko North', '2024-12-19 21:14:52', '2024-12-19 21:14:52'),
(196, 10, 'Isoko South', '2024-12-19 21:14:52', '2024-12-19 21:14:52'),
(197, 10, 'Ndokwa East', '2024-12-19 21:14:52', '2024-12-19 21:14:52'),
(198, 10, 'Ndokwa West', '2024-12-19 21:14:52', '2024-12-19 21:14:52'),
(199, 10, 'Okpe', '2024-12-19 21:14:52', '2024-12-19 21:14:52'),
(200, 10, 'Oshimili North', '2024-12-19 21:14:52', '2024-12-19 21:14:52'),
(201, 10, 'Oshimili South', '2024-12-19 21:14:52', '2024-12-19 21:14:52'),
(202, 10, 'Patani', '2024-12-19 21:14:52', '2024-12-19 21:14:52'),
(203, 10, 'Sapele, Delta', '2024-12-19 21:14:53', '2024-12-19 21:14:53'),
(204, 10, 'Udu', '2024-12-19 21:14:53', '2024-12-19 21:14:53'),
(205, 10, 'Ughelli North', '2024-12-19 21:14:53', '2024-12-19 21:14:53'),
(206, 10, 'Ughelli South', '2024-12-19 21:14:53', '2024-12-19 21:14:53'),
(207, 10, 'Ukwuani', '2024-12-19 21:14:53', '2024-12-19 21:14:53'),
(208, 10, 'Uvwie', '2024-12-19 21:14:53', '2024-12-19 21:14:53'),
(209, 10, 'Warri North', '2024-12-19 21:14:53', '2024-12-19 21:14:53'),
(210, 10, 'Warri South', '2024-12-19 21:14:53', '2024-12-19 21:14:53'),
(211, 10, 'Warri South West', '2024-12-19 21:14:53', '2024-12-19 21:14:53'),
(212, 11, 'Abakaliki', '2024-12-19 21:14:53', '2024-12-19 21:14:53'),
(213, 11, 'Afikpo North', '2024-12-19 21:14:53', '2024-12-19 21:14:53'),
(214, 11, 'Afikpo South', '2024-12-19 21:14:53', '2024-12-19 21:14:53'),
(215, 11, 'Ebonyi', '2024-12-19 21:14:53', '2024-12-19 21:14:53'),
(216, 11, 'Ezza North', '2024-12-19 21:14:53', '2024-12-19 21:14:53'),
(217, 11, 'Ezza South', '2024-12-19 21:14:53', '2024-12-19 21:14:53'),
(218, 11, 'Ikwo', '2024-12-19 21:14:54', '2024-12-19 21:14:54'),
(219, 11, 'Ishielu', '2024-12-19 21:14:54', '2024-12-19 21:14:54'),
(220, 11, 'Ivo', '2024-12-19 21:14:54', '2024-12-19 21:14:54'),
(221, 11, 'Izzi', '2024-12-19 21:14:54', '2024-12-19 21:14:54'),
(222, 11, 'Ohaozara', '2024-12-19 21:14:54', '2024-12-19 21:14:54'),
(223, 11, 'Ohaukwu', '2024-12-19 21:14:54', '2024-12-19 21:14:54'),
(224, 11, 'Onicha', '2024-12-19 21:14:54', '2024-12-19 21:14:54'),
(225, 12, 'Akoko-Edo', '2024-12-19 21:14:54', '2024-12-19 21:14:54'),
(226, 12, 'Egor', '2024-12-19 21:14:54', '2024-12-19 21:14:54'),
(227, 12, 'Esan Central', '2024-12-19 21:14:54', '2024-12-19 21:14:54'),
(228, 12, 'Esan North-East', '2024-12-19 21:14:54', '2024-12-19 21:14:54'),
(229, 12, 'Esan South-East', '2024-12-19 21:14:54', '2024-12-19 21:14:54'),
(230, 12, 'Esan West', '2024-12-19 21:14:54', '2024-12-19 21:14:54'),
(231, 12, 'Etsako Central', '2024-12-19 21:14:54', '2024-12-19 21:14:54'),
(232, 12, 'Etsako East', '2024-12-19 21:14:54', '2024-12-19 21:14:54'),
(233, 12, 'Etsako West', '2024-12-19 21:14:54', '2024-12-19 21:14:54'),
(234, 12, 'Igueben', '2024-12-19 21:14:54', '2024-12-19 21:14:54'),
(235, 12, 'Ikpoba Okha', '2024-12-19 21:14:54', '2024-12-19 21:14:54'),
(236, 12, 'Orhionmwon', '2024-12-19 21:14:54', '2024-12-19 21:14:54'),
(237, 12, 'Oredo', '2024-12-19 21:14:54', '2024-12-19 21:14:54'),
(238, 12, 'Ovia North-East', '2024-12-19 21:14:55', '2024-12-19 21:14:55'),
(239, 12, 'Ovia South-West', '2024-12-19 21:14:55', '2024-12-19 21:14:55'),
(240, 12, 'Owan East', '2024-12-19 21:14:55', '2024-12-19 21:14:55'),
(241, 12, 'Owan West', '2024-12-19 21:14:55', '2024-12-19 21:14:55'),
(242, 12, 'Uhunmwonde', '2024-12-19 21:14:55', '2024-12-19 21:14:55'),
(243, 13, 'Ado Ekiti', '2024-12-19 21:14:55', '2024-12-19 21:14:55'),
(244, 13, 'Efon', '2024-12-19 21:14:55', '2024-12-19 21:14:55'),
(245, 13, 'Ekiti East', '2024-12-19 21:14:55', '2024-12-19 21:14:55'),
(246, 13, 'Ekiti South-West', '2024-12-19 21:14:55', '2024-12-19 21:14:55'),
(247, 13, 'Ekiti West', '2024-12-19 21:14:55', '2024-12-19 21:14:55'),
(248, 13, 'Emure', '2024-12-19 21:14:55', '2024-12-19 21:14:55'),
(249, 13, 'Gbonyin', '2024-12-19 21:14:55', '2024-12-19 21:14:55'),
(250, 13, 'Ido Osi', '2024-12-19 21:14:55', '2024-12-19 21:14:55'),
(251, 13, 'Ijero', '2024-12-19 21:14:55', '2024-12-19 21:14:55'),
(252, 13, 'Ikere', '2024-12-19 21:14:56', '2024-12-19 21:14:56'),
(253, 13, 'Ikole', '2024-12-19 21:14:56', '2024-12-19 21:14:56'),
(254, 13, 'Ilejemeje', '2024-12-19 21:14:56', '2024-12-19 21:14:56'),
(255, 13, 'Irepodun/Ifelodun', '2024-12-19 21:14:56', '2024-12-19 21:14:56'),
(256, 13, 'Ise/Orun', '2024-12-19 21:14:56', '2024-12-19 21:14:56'),
(257, 13, 'Moba', '2024-12-19 21:14:56', '2024-12-19 21:14:56'),
(258, 13, 'Oye', '2024-12-19 21:14:56', '2024-12-19 21:14:56'),
(259, 14, 'Aninri', '2024-12-19 21:14:56', '2024-12-19 21:14:56'),
(260, 14, 'Awgu', '2024-12-19 21:14:56', '2024-12-19 21:14:56'),
(261, 14, 'Enugu East', '2024-12-19 21:14:56', '2024-12-19 21:14:56'),
(262, 14, 'Enugu North', '2024-12-19 21:14:56', '2024-12-19 21:14:56'),
(263, 14, 'Enugu South', '2024-12-19 21:14:56', '2024-12-19 21:14:56'),
(264, 14, 'Ezeagu', '2024-12-19 21:14:56', '2024-12-19 21:14:56'),
(265, 14, 'Igbo Etiti', '2024-12-19 21:14:56', '2024-12-19 21:14:56'),
(266, 14, 'Igbo Eze North', '2024-12-19 21:14:56', '2024-12-19 21:14:56'),
(267, 14, 'Igbo Eze South', '2024-12-19 21:14:56', '2024-12-19 21:14:56'),
(268, 14, 'Isi Uzo', '2024-12-19 21:14:56', '2024-12-19 21:14:56'),
(269, 14, 'Nkanu East', '2024-12-19 21:14:56', '2024-12-19 21:14:56'),
(270, 14, 'Nkanu West', '2024-12-19 21:14:56', '2024-12-19 21:14:56'),
(271, 14, 'Nsukka', '2024-12-19 21:14:56', '2024-12-19 21:14:56'),
(272, 14, 'Oji River', '2024-12-19 21:14:57', '2024-12-19 21:14:57'),
(273, 14, 'Udenu', '2024-12-19 21:14:57', '2024-12-19 21:14:57'),
(274, 14, 'Udi', '2024-12-19 21:14:57', '2024-12-19 21:14:57'),
(275, 14, 'Uzo Uwani', '2024-12-19 21:14:57', '2024-12-19 21:14:57'),
(276, 15, 'Abaji', '2024-12-19 21:14:57', '2024-12-19 21:14:57'),
(277, 15, 'Bwari', '2024-12-19 21:14:57', '2024-12-19 21:14:57'),
(278, 15, 'Gwagwalada', '2024-12-19 21:14:57', '2024-12-19 21:14:57'),
(279, 15, 'Kuje', '2024-12-19 21:14:57', '2024-12-19 21:14:57'),
(280, 15, 'Kwali', '2024-12-19 21:14:57', '2024-12-19 21:14:57'),
(281, 15, 'Municipal Area Council', '2024-12-19 21:14:57', '2024-12-19 21:14:57'),
(282, 16, 'Akko', '2024-12-19 21:14:57', '2024-12-19 21:14:57'),
(283, 16, 'Balanga', '2024-12-19 21:14:57', '2024-12-19 21:14:57'),
(284, 16, 'Billiri', '2024-12-19 21:14:57', '2024-12-19 21:14:57'),
(285, 16, 'Dukku', '2024-12-19 21:14:57', '2024-12-19 21:14:57'),
(286, 16, 'Funakaye', '2024-12-19 21:14:57', '2024-12-19 21:14:57'),
(287, 16, 'Gombe', '2024-12-19 21:14:57', '2024-12-19 21:14:57'),
(288, 16, 'Kaltungo', '2024-12-19 21:14:57', '2024-12-19 21:14:57'),
(289, 16, 'Kwami', '2024-12-19 21:14:57', '2024-12-19 21:14:57'),
(290, 16, 'Nafada', '2024-12-19 21:14:57', '2024-12-19 21:14:57'),
(291, 16, 'Shongom', '2024-12-19 21:14:58', '2024-12-19 21:14:58'),
(292, 16, 'Yamaltu/Deba', '2024-12-19 21:14:58', '2024-12-19 21:14:58'),
(293, 17, 'Aboh Mbaise', '2024-12-19 21:14:58', '2024-12-19 21:14:58'),
(294, 17, 'Ahiazu Mbaise', '2024-12-19 21:14:58', '2024-12-19 21:14:58'),
(295, 17, 'Ehime Mbano', '2024-12-19 21:14:58', '2024-12-19 21:14:58'),
(296, 17, 'Ezinihitte', '2024-12-19 21:14:58', '2024-12-19 21:14:58'),
(297, 17, 'Ideato North', '2024-12-19 21:14:58', '2024-12-19 21:14:58'),
(298, 17, 'Ideato South', '2024-12-19 21:14:58', '2024-12-19 21:14:58'),
(299, 17, 'Ihitte/Uboma', '2024-12-19 21:14:58', '2024-12-19 21:14:58'),
(300, 17, 'Ikeduru', '2024-12-19 21:14:58', '2024-12-19 21:14:58'),
(301, 17, 'Isiala Mbano', '2024-12-19 21:14:58', '2024-12-19 21:14:58'),
(302, 17, 'Isu', '2024-12-19 21:14:58', '2024-12-19 21:14:58'),
(303, 17, 'Mbaitoli', '2024-12-19 21:14:58', '2024-12-19 21:14:58'),
(304, 17, 'Ngor Okpala', '2024-12-19 21:14:58', '2024-12-19 21:14:58'),
(305, 17, 'Njaba', '2024-12-19 21:14:58', '2024-12-19 21:14:58'),
(306, 17, 'Nkwerre', '2024-12-19 21:14:58', '2024-12-19 21:14:58'),
(307, 17, 'Nwangele', '2024-12-19 21:14:59', '2024-12-19 21:14:59'),
(308, 17, 'Obowo', '2024-12-19 21:14:59', '2024-12-19 21:14:59'),
(309, 17, 'Oguta', '2024-12-19 21:14:59', '2024-12-19 21:14:59'),
(310, 17, 'Ohaji/Egbema', '2024-12-19 21:14:59', '2024-12-19 21:14:59'),
(311, 17, 'Okigwe', '2024-12-19 21:14:59', '2024-12-19 21:14:59'),
(312, 17, 'Orlu', '2024-12-19 21:14:59', '2024-12-19 21:14:59'),
(313, 17, 'Orsu', '2024-12-19 21:14:59', '2024-12-19 21:14:59'),
(314, 17, 'Oru East', '2024-12-19 21:14:59', '2024-12-19 21:14:59'),
(315, 17, 'Oru West', '2024-12-19 21:14:59', '2024-12-19 21:14:59'),
(316, 17, 'Owerri Municipal', '2024-12-19 21:14:59', '2024-12-19 21:14:59'),
(317, 17, 'Owerri North', '2024-12-19 21:14:59', '2024-12-19 21:14:59'),
(318, 17, 'Owerri West', '2024-12-19 21:14:59', '2024-12-19 21:14:59'),
(319, 17, 'Unuimo', '2024-12-19 21:14:59', '2024-12-19 21:14:59'),
(320, 18, 'Auyo', '2024-12-19 21:14:59', '2024-12-19 21:14:59'),
(321, 18, 'Babura', '2024-12-19 21:14:59', '2024-12-19 21:14:59'),
(322, 18, 'Biriniwa', '2024-12-19 21:14:59', '2024-12-19 21:14:59'),
(323, 18, 'Birnin Kudu', '2024-12-19 21:14:59', '2024-12-19 21:14:59'),
(324, 18, 'Buji', '2024-12-19 21:14:59', '2024-12-19 21:14:59'),
(325, 18, 'Dutse', '2024-12-19 21:14:59', '2024-12-19 21:14:59'),
(326, 18, 'Gagarawa', '2024-12-19 21:15:00', '2024-12-19 21:15:00'),
(327, 18, 'Garki', '2024-12-19 21:15:00', '2024-12-19 21:15:00'),
(328, 18, 'Gumel', '2024-12-19 21:15:00', '2024-12-19 21:15:00'),
(329, 18, 'Guri', '2024-12-19 21:15:00', '2024-12-19 21:15:00'),
(330, 18, 'Gwaram', '2024-12-19 21:15:00', '2024-12-19 21:15:00'),
(331, 18, 'Gwiwa', '2024-12-19 21:15:00', '2024-12-19 21:15:00'),
(332, 18, 'Hadejia', '2024-12-19 21:15:00', '2024-12-19 21:15:00'),
(333, 18, 'Jahun', '2024-12-19 21:15:00', '2024-12-19 21:15:00'),
(334, 18, 'Kafin Hausa', '2024-12-19 21:15:00', '2024-12-19 21:15:00'),
(335, 18, 'Kazaure', '2024-12-19 21:15:00', '2024-12-19 21:15:00'),
(336, 18, 'Kiri Kasama', '2024-12-19 21:15:00', '2024-12-19 21:15:00'),
(337, 18, 'Kiyawa', '2024-12-19 21:15:00', '2024-12-19 21:15:00'),
(338, 18, 'Kaugama', '2024-12-19 21:15:00', '2024-12-19 21:15:00'),
(339, 18, 'Maigatari', '2024-12-19 21:15:00', '2024-12-19 21:15:00'),
(340, 18, 'Malam Madori', '2024-12-19 21:15:00', '2024-12-19 21:15:00'),
(341, 18, 'Miga', '2024-12-19 21:15:00', '2024-12-19 21:15:00'),
(342, 18, 'Ringim', '2024-12-19 21:15:00', '2024-12-19 21:15:00'),
(343, 18, 'Roni', '2024-12-19 21:15:00', '2024-12-19 21:15:00'),
(344, 18, 'Sule Tankarkar', '2024-12-19 21:15:00', '2024-12-19 21:15:00'),
(345, 18, 'Taura', '2024-12-19 21:15:00', '2024-12-19 21:15:00'),
(346, 18, 'Yankwashi', '2024-12-19 21:15:01', '2024-12-19 21:15:01'),
(347, 19, 'Birnin Gwari', '2024-12-19 21:15:01', '2024-12-19 21:15:01'),
(348, 19, 'Chikun', '2024-12-19 21:15:01', '2024-12-19 21:15:01'),
(349, 19, 'Giwa', '2024-12-19 21:15:01', '2024-12-19 21:15:01'),
(350, 19, 'Igabi', '2024-12-19 21:15:01', '2024-12-19 21:15:01'),
(351, 19, 'Ikara', '2024-12-19 21:15:01', '2024-12-19 21:15:01'),
(352, 19, 'Jaba', '2024-12-19 21:15:01', '2024-12-19 21:15:01'),
(353, 19, 'Jema\'a', '2024-12-19 21:15:01', '2024-12-19 21:15:01'),
(354, 19, 'Kachia', '2024-12-19 21:15:01', '2024-12-19 21:15:01'),
(355, 19, 'Kaduna North', '2024-12-19 21:15:01', '2024-12-19 21:15:01'),
(356, 19, 'Kaduna South', '2024-12-19 21:15:01', '2024-12-19 21:15:01'),
(357, 19, 'Kagarko', '2024-12-19 21:15:01', '2024-12-19 21:15:01'),
(358, 19, 'Kajuru', '2024-12-19 21:15:01', '2024-12-19 21:15:01'),
(359, 19, 'Kaura', '2024-12-19 21:15:01', '2024-12-19 21:15:01'),
(360, 19, 'Kauru', '2024-12-19 21:15:01', '2024-12-19 21:15:01'),
(361, 19, 'Kubau', '2024-12-19 21:15:01', '2024-12-19 21:15:01'),
(362, 19, 'Kudan', '2024-12-19 21:15:01', '2024-12-19 21:15:01'),
(363, 19, 'Lere', '2024-12-19 21:15:01', '2024-12-19 21:15:01'),
(364, 19, 'Makarfi', '2024-12-19 21:15:01', '2024-12-19 21:15:01'),
(365, 19, 'Sabon Gari', '2024-12-19 21:15:01', '2024-12-19 21:15:01'),
(366, 19, 'Sanga', '2024-12-19 21:15:01', '2024-12-19 21:15:01'),
(367, 19, 'Soba', '2024-12-19 21:15:01', '2024-12-19 21:15:01'),
(368, 19, 'Zangon Kataf', '2024-12-19 21:15:01', '2024-12-19 21:15:01'),
(369, 19, 'Zaria', '2024-12-19 21:15:01', '2024-12-19 21:15:01'),
(370, 20, 'Ajingi', '2024-12-19 21:15:02', '2024-12-19 21:15:02'),
(371, 20, 'Albasu', '2024-12-19 21:15:02', '2024-12-19 21:15:02'),
(372, 20, 'Bagwai', '2024-12-19 21:15:02', '2024-12-19 21:15:02'),
(373, 20, 'Bebeji', '2024-12-19 21:15:02', '2024-12-19 21:15:02'),
(374, 20, 'Bichi', '2024-12-19 21:15:02', '2024-12-19 21:15:02'),
(375, 20, 'Bunkure', '2024-12-19 21:15:02', '2024-12-19 21:15:02'),
(376, 20, 'Dala', '2024-12-19 21:15:02', '2024-12-19 21:15:02'),
(377, 20, 'Dambatta', '2024-12-19 21:15:02', '2024-12-19 21:15:02'),
(378, 20, 'Dawakin Kudu', '2024-12-19 21:15:02', '2024-12-19 21:15:02'),
(379, 20, 'Dawakin Tofa', '2024-12-19 21:15:02', '2024-12-19 21:15:02'),
(380, 20, 'Doguwa', '2024-12-19 21:15:02', '2024-12-19 21:15:02'),
(381, 20, 'Fagge', '2024-12-19 21:15:02', '2024-12-19 21:15:02'),
(382, 20, 'Gabasawa', '2024-12-19 21:15:02', '2024-12-19 21:15:02'),
(383, 20, 'Garko', '2024-12-19 21:15:02', '2024-12-19 21:15:02'),
(384, 20, 'Garun Mallam', '2024-12-19 21:15:02', '2024-12-19 21:15:02'),
(385, 20, 'Gaya', '2024-12-19 21:15:02', '2024-12-19 21:15:02'),
(386, 20, 'Gezawa', '2024-12-19 21:15:02', '2024-12-19 21:15:02'),
(387, 20, 'Gwale', '2024-12-19 21:15:02', '2024-12-19 21:15:02'),
(388, 20, 'Gwarzo', '2024-12-19 21:15:03', '2024-12-19 21:15:03'),
(389, 20, 'Kabo', '2024-12-19 21:15:03', '2024-12-19 21:15:03'),
(390, 20, 'Kano Municipal', '2024-12-19 21:15:03', '2024-12-19 21:15:03'),
(391, 20, 'Karaye', '2024-12-19 21:15:03', '2024-12-19 21:15:03'),
(392, 20, 'Kibiya', '2024-12-19 21:15:03', '2024-12-19 21:15:03'),
(393, 20, 'Kiru', '2024-12-19 21:15:03', '2024-12-19 21:15:03'),
(394, 20, 'Kumbotso', '2024-12-19 21:15:03', '2024-12-19 21:15:03'),
(395, 20, 'Kunchi', '2024-12-19 21:15:03', '2024-12-19 21:15:03'),
(396, 20, 'Kura', '2024-12-19 21:15:03', '2024-12-19 21:15:03'),
(397, 20, 'Madobi', '2024-12-19 21:15:03', '2024-12-19 21:15:03'),
(398, 20, 'Makoda', '2024-12-19 21:15:03', '2024-12-19 21:15:03'),
(399, 20, 'Minjibir', '2024-12-19 21:15:03', '2024-12-19 21:15:03'),
(400, 20, 'Nasarawa', '2024-12-19 21:15:03', '2024-12-19 21:15:03'),
(401, 20, 'Rano', '2024-12-19 21:15:03', '2024-12-19 21:15:03'),
(402, 20, 'Rimin Gado', '2024-12-19 21:15:03', '2024-12-19 21:15:03'),
(403, 20, 'Rogo', '2024-12-19 21:15:03', '2024-12-19 21:15:03'),
(404, 20, 'Shanono', '2024-12-19 21:15:03', '2024-12-19 21:15:03'),
(405, 20, 'Sumaila', '2024-12-19 21:15:04', '2024-12-19 21:15:04'),
(406, 20, 'Takai', '2024-12-19 21:15:04', '2024-12-19 21:15:04'),
(407, 20, 'Tarauni', '2024-12-19 21:15:04', '2024-12-19 21:15:04'),
(408, 20, 'Tofa', '2024-12-19 21:15:04', '2024-12-19 21:15:04'),
(409, 20, 'Tsanyawa', '2024-12-19 21:15:04', '2024-12-19 21:15:04'),
(410, 20, 'Tudun Wada', '2024-12-19 21:15:04', '2024-12-19 21:15:04'),
(411, 20, 'Ungogo', '2024-12-19 21:15:04', '2024-12-19 21:15:04'),
(412, 20, 'Warawa', '2024-12-19 21:15:04', '2024-12-19 21:15:04'),
(413, 20, 'Wudil', '2024-12-19 21:15:04', '2024-12-19 21:15:04'),
(414, 21, 'Bakori', '2024-12-19 21:15:04', '2024-12-19 21:15:04'),
(415, 21, 'Batagarawa', '2024-12-19 21:15:04', '2024-12-19 21:15:04'),
(416, 21, 'Batsari', '2024-12-19 21:15:04', '2024-12-19 21:15:04'),
(417, 21, 'Baure', '2024-12-19 21:15:04', '2024-12-19 21:15:04'),
(418, 21, 'Bindawa', '2024-12-19 21:15:04', '2024-12-19 21:15:04'),
(419, 21, 'Charanchi', '2024-12-19 21:15:04', '2024-12-19 21:15:04'),
(420, 21, 'Dandume', '2024-12-19 21:15:04', '2024-12-19 21:15:04'),
(421, 21, 'Danja', '2024-12-19 21:15:04', '2024-12-19 21:15:04'),
(422, 21, 'Dan Musa', '2024-12-19 21:15:04', '2024-12-19 21:15:04'),
(423, 21, 'Daura', '2024-12-19 21:15:04', '2024-12-19 21:15:04'),
(424, 21, 'Dutsi', '2024-12-19 21:15:05', '2024-12-19 21:15:05'),
(425, 21, 'Dutsin Ma', '2024-12-19 21:15:05', '2024-12-19 21:15:05'),
(426, 21, 'Faskari', '2024-12-19 21:15:05', '2024-12-19 21:15:05'),
(427, 21, 'Funtua', '2024-12-19 21:15:05', '2024-12-19 21:15:05'),
(428, 21, 'Ingawa', '2024-12-19 21:15:05', '2024-12-19 21:15:05'),
(429, 21, 'Jibia', '2024-12-19 21:15:05', '2024-12-19 21:15:05'),
(430, 21, 'Kafur', '2024-12-19 21:15:05', '2024-12-19 21:15:05'),
(431, 21, 'Kaita', '2024-12-19 21:15:05', '2024-12-19 21:15:05'),
(432, 21, 'Kankara', '2024-12-19 21:15:05', '2024-12-19 21:15:05'),
(433, 21, 'Kankia', '2024-12-19 21:15:05', '2024-12-19 21:15:05'),
(434, 21, 'Katsina', '2024-12-19 21:15:05', '2024-12-19 21:15:05'),
(435, 21, 'Kurfi', '2024-12-19 21:15:05', '2024-12-19 21:15:05'),
(436, 21, 'Kusada', '2024-12-19 21:15:05', '2024-12-19 21:15:05'),
(437, 21, 'Mai\'Adua', '2024-12-19 21:15:05', '2024-12-19 21:15:05'),
(438, 21, 'Malumfashi', '2024-12-19 21:15:05', '2024-12-19 21:15:05'),
(439, 21, 'Mani', '2024-12-19 21:15:05', '2024-12-19 21:15:05'),
(440, 21, 'Mashi', '2024-12-19 21:15:06', '2024-12-19 21:15:06'),
(441, 21, 'Matazu', '2024-12-19 21:15:06', '2024-12-19 21:15:06'),
(442, 21, 'Musawa', '2024-12-19 21:15:06', '2024-12-19 21:15:06'),
(443, 21, 'Rimi', '2024-12-19 21:15:06', '2024-12-19 21:15:06'),
(444, 21, 'Sabuwa', '2024-12-19 21:15:06', '2024-12-19 21:15:06'),
(445, 21, 'Safana', '2024-12-19 21:15:06', '2024-12-19 21:15:06'),
(446, 21, 'Sandamu', '2024-12-19 21:15:06', '2024-12-19 21:15:06'),
(447, 21, 'Zango', '2024-12-19 21:15:06', '2024-12-19 21:15:06'),
(448, 22, 'Aleiro', '2024-12-19 21:15:06', '2024-12-19 21:15:06'),
(449, 22, 'Arewa Dandi', '2024-12-19 21:15:06', '2024-12-19 21:15:06'),
(450, 22, 'Argungu', '2024-12-19 21:15:06', '2024-12-19 21:15:06'),
(451, 22, 'Augie', '2024-12-19 21:15:06', '2024-12-19 21:15:06'),
(452, 22, 'Bagudo', '2024-12-19 21:15:06', '2024-12-19 21:15:06'),
(453, 22, 'Birnin Kebbi', '2024-12-19 21:15:06', '2024-12-19 21:15:06'),
(454, 22, 'Bunza', '2024-12-19 21:15:06', '2024-12-19 21:15:06'),
(455, 22, 'Dandi', '2024-12-19 21:15:06', '2024-12-19 21:15:06'),
(456, 22, 'Fakai', '2024-12-19 21:15:06', '2024-12-19 21:15:06'),
(457, 22, 'Gwandu', '2024-12-19 21:15:06', '2024-12-19 21:15:06'),
(458, 22, 'Jega', '2024-12-19 21:15:07', '2024-12-19 21:15:07'),
(459, 22, 'Kalgo', '2024-12-19 21:15:07', '2024-12-19 21:15:07'),
(460, 22, 'Koko/Besse', '2024-12-19 21:15:07', '2024-12-19 21:15:07'),
(461, 22, 'Maiyama', '2024-12-19 21:15:07', '2024-12-19 21:15:07'),
(462, 22, 'Ngaski', '2024-12-19 21:15:07', '2024-12-19 21:15:07'),
(463, 22, 'Sakaba', '2024-12-19 21:15:07', '2024-12-19 21:15:07'),
(464, 22, 'Shanga', '2024-12-19 21:15:07', '2024-12-19 21:15:07'),
(465, 22, 'Suru', '2024-12-19 21:15:07', '2024-12-19 21:15:07'),
(466, 22, 'Wasagu/Danko', '2024-12-19 21:15:07', '2024-12-19 21:15:07'),
(467, 22, 'Yauri', '2024-12-19 21:15:07', '2024-12-19 21:15:07'),
(468, 22, 'Zuru', '2024-12-19 21:15:07', '2024-12-19 21:15:07'),
(469, 23, 'Adavi', '2024-12-19 21:15:07', '2024-12-19 21:15:07'),
(470, 23, 'Ajaokuta', '2024-12-19 21:15:07', '2024-12-19 21:15:07'),
(471, 23, 'Ankpa', '2024-12-19 21:15:07', '2024-12-19 21:15:07'),
(472, 23, 'Bassa', '2024-12-19 21:15:07', '2024-12-19 21:15:07'),
(473, 23, 'Dekina', '2024-12-19 21:15:07', '2024-12-19 21:15:07'),
(474, 23, 'Ibaji', '2024-12-19 21:15:07', '2024-12-19 21:15:07'),
(475, 23, 'Idah', '2024-12-19 21:15:07', '2024-12-19 21:15:07'),
(476, 23, 'Igalamela Odolu', '2024-12-19 21:15:07', '2024-12-19 21:15:07'),
(477, 23, 'Ijumu', '2024-12-19 21:15:08', '2024-12-19 21:15:08'),
(478, 23, 'Kabba/Bunu', '2024-12-19 21:15:08', '2024-12-19 21:15:08'),
(479, 23, 'Kogi', '2024-12-19 21:15:08', '2024-12-19 21:15:08'),
(480, 23, 'Lokoja', '2024-12-19 21:15:08', '2024-12-19 21:15:08'),
(481, 23, 'Mopa Muro', '2024-12-19 21:15:08', '2024-12-19 21:15:08'),
(482, 23, 'Ofu', '2024-12-19 21:15:08', '2024-12-19 21:15:08'),
(483, 23, 'Ogori/Magongo', '2024-12-19 21:15:08', '2024-12-19 21:15:08'),
(484, 23, 'Okehi', '2024-12-19 21:15:08', '2024-12-19 21:15:08'),
(485, 23, 'Okene', '2024-12-19 21:15:08', '2024-12-19 21:15:08'),
(486, 23, 'Olamaboro', '2024-12-19 21:15:08', '2024-12-19 21:15:08'),
(487, 23, 'Omala', '2024-12-19 21:15:08', '2024-12-19 21:15:08'),
(488, 23, 'Yagba East', '2024-12-19 21:15:08', '2024-12-19 21:15:08'),
(489, 23, 'Yagba West', '2024-12-19 21:15:08', '2024-12-19 21:15:08'),
(490, 24, 'Asa', '2024-12-19 21:15:08', '2024-12-19 21:15:08'),
(491, 24, 'Baruten', '2024-12-19 21:15:08', '2024-12-19 21:15:08'),
(492, 24, 'Edu', '2024-12-19 21:15:08', '2024-12-19 21:15:08'),
(493, 24, 'Ekiti, Kwara State', '2024-12-19 21:15:08', '2024-12-19 21:15:08'),
(494, 24, 'Ifelodun', '2024-12-19 21:15:08', '2024-12-19 21:15:08'),
(495, 24, 'Ilorin East', '2024-12-19 21:15:08', '2024-12-19 21:15:08'),
(496, 24, 'Ilorin South', '2024-12-19 21:15:08', '2024-12-19 21:15:08'),
(497, 24, 'Ilorin West', '2024-12-19 21:15:09', '2024-12-19 21:15:09'),
(498, 24, 'Irepodun', '2024-12-19 21:15:09', '2024-12-19 21:15:09'),
(499, 24, 'Isin', '2024-12-19 21:15:09', '2024-12-19 21:15:09'),
(500, 24, 'Kaiama', '2024-12-19 21:15:09', '2024-12-19 21:15:09'),
(501, 24, 'Moro', '2024-12-19 21:15:09', '2024-12-19 21:15:09'),
(502, 24, 'Offa', '2024-12-19 21:15:09', '2024-12-19 21:15:09'),
(503, 24, 'Oke Ero', '2024-12-19 21:15:09', '2024-12-19 21:15:09'),
(504, 24, 'Oyun', '2024-12-19 21:15:09', '2024-12-19 21:15:09'),
(505, 24, 'Pategi', '2024-12-19 21:15:09', '2024-12-19 21:15:09'),
(506, 25, 'Agege', '2024-12-19 21:15:09', '2024-12-19 21:15:09'),
(507, 25, 'Ajeromi-Ifelodun', '2024-12-19 21:15:09', '2024-12-19 21:15:09'),
(508, 25, 'Alimosho', '2024-12-19 21:15:09', '2024-12-19 21:15:09'),
(509, 25, 'Amuwo-Odofin', '2024-12-19 21:15:09', '2024-12-19 21:15:09'),
(510, 25, 'Apapa', '2024-12-19 21:15:09', '2024-12-19 21:15:09'),
(511, 25, 'Badagry', '2024-12-19 21:15:09', '2024-12-19 21:15:09'),
(512, 25, 'Epe', '2024-12-19 21:15:09', '2024-12-19 21:15:09'),
(513, 25, 'Eti Osa', '2024-12-19 21:15:09', '2024-12-19 21:15:09'),
(514, 25, 'Ibeju-Lekki', '2024-12-19 21:15:10', '2024-12-19 21:15:10'),
(515, 25, 'Ifako-Ijaiye', '2024-12-19 21:15:10', '2024-12-19 21:15:10'),
(516, 25, 'Ikeja', '2024-12-19 21:15:10', '2024-12-19 21:15:10'),
(517, 25, 'Ikorodu', '2024-12-19 21:15:10', '2024-12-19 21:15:10'),
(518, 25, 'Kosofe', '2024-12-19 21:15:10', '2024-12-19 21:15:10'),
(519, 25, 'Lagos Island', '2024-12-19 21:15:10', '2024-12-19 21:15:10'),
(520, 25, 'Lagos Mainland', '2024-12-19 21:15:10', '2024-12-19 21:15:10'),
(521, 25, 'Mushin', '2024-12-19 21:15:10', '2024-12-19 21:15:10'),
(522, 25, 'Ojo', '2024-12-19 21:15:10', '2024-12-19 21:15:10'),
(523, 25, 'Oshodi-Isolo', '2024-12-19 21:15:10', '2024-12-19 21:15:10'),
(524, 25, 'Shomolu', '2024-12-19 21:15:10', '2024-12-19 21:15:10'),
(525, 25, 'Surulere, Lagos State', '2024-12-19 21:15:10', '2024-12-19 21:15:10'),
(526, 26, 'Akwanga', '2024-12-19 21:15:10', '2024-12-19 21:15:10'),
(527, 26, 'Awe', '2024-12-19 21:15:10', '2024-12-19 21:15:10'),
(528, 26, 'Doma', '2024-12-19 21:15:10', '2024-12-19 21:15:10'),
(529, 26, 'Karu', '2024-12-19 21:15:11', '2024-12-19 21:15:11'),
(530, 26, 'Keana', '2024-12-19 21:15:11', '2024-12-19 21:15:11'),
(531, 26, 'Keffi', '2024-12-19 21:15:11', '2024-12-19 21:15:11'),
(532, 26, 'Kokona', '2024-12-19 21:15:11', '2024-12-19 21:15:11'),
(533, 26, 'Lafia', '2024-12-19 21:15:11', '2024-12-19 21:15:11'),
(534, 26, 'Nasarawa', '2024-12-19 21:15:11', '2024-12-19 21:15:11'),
(535, 26, 'Nasarawa Egon', '2024-12-19 21:15:11', '2024-12-19 21:15:11'),
(536, 26, 'Obi', '2024-12-19 21:15:11', '2024-12-19 21:15:11'),
(537, 26, 'Toto', '2024-12-19 21:15:11', '2024-12-19 21:15:11'),
(538, 26, 'Wamba', '2024-12-19 21:15:11', '2024-12-19 21:15:11'),
(539, 27, 'Agaie', '2024-12-19 21:15:11', '2024-12-19 21:15:11'),
(540, 27, 'Agwara', '2024-12-19 21:15:11', '2024-12-19 21:15:11'),
(541, 27, 'Bida', '2024-12-19 21:15:11', '2024-12-19 21:15:11'),
(542, 27, 'Borgu', '2024-12-19 21:15:11', '2024-12-19 21:15:11'),
(543, 27, 'Bosso', '2024-12-19 21:15:11', '2024-12-19 21:15:11'),
(544, 27, 'Chanchaga', '2024-12-19 21:15:11', '2024-12-19 21:15:11'),
(545, 27, 'Edati', '2024-12-19 21:15:11', '2024-12-19 21:15:11'),
(546, 27, 'Gbako', '2024-12-19 21:15:11', '2024-12-19 21:15:11'),
(547, 27, 'Gurara', '2024-12-19 21:15:11', '2024-12-19 21:15:11'),
(548, 27, 'Katcha', '2024-12-19 21:15:11', '2024-12-19 21:15:11'),
(549, 27, 'Kontagora', '2024-12-19 21:15:11', '2024-12-19 21:15:11'),
(550, 27, 'Lapai', '2024-12-19 21:15:11', '2024-12-19 21:15:11'),
(551, 27, 'Lavun', '2024-12-19 21:15:12', '2024-12-19 21:15:12'),
(552, 27, 'Magama', '2024-12-19 21:15:12', '2024-12-19 21:15:12'),
(553, 27, 'Mariga', '2024-12-19 21:15:12', '2024-12-19 21:15:12'),
(554, 27, 'Mashegu', '2024-12-19 21:15:12', '2024-12-19 21:15:12'),
(555, 27, 'Mokwa', '2024-12-19 21:15:12', '2024-12-19 21:15:12'),
(556, 27, 'Moya', '2024-12-19 21:15:12', '2024-12-19 21:15:12'),
(557, 27, 'Paikoro', '2024-12-19 21:15:12', '2024-12-19 21:15:12'),
(558, 27, 'Rafi', '2024-12-19 21:15:12', '2024-12-19 21:15:12'),
(559, 27, 'Rijau', '2024-12-19 21:15:12', '2024-12-19 21:15:12'),
(560, 27, 'Shiroro', '2024-12-19 21:15:12', '2024-12-19 21:15:12'),
(561, 27, 'Suleja', '2024-12-19 21:15:12', '2024-12-19 21:15:12'),
(562, 27, 'Tafa', '2024-12-19 21:15:12', '2024-12-19 21:15:12'),
(563, 27, 'Wushishi', '2024-12-19 21:15:12', '2024-12-19 21:15:12'),
(564, 28, 'Abeokuta North', '2024-12-19 21:15:12', '2024-12-19 21:15:12'),
(565, 28, 'Abeokuta South', '2024-12-19 21:15:12', '2024-12-19 21:15:12'),
(566, 28, 'Ado-Odo/Ota', '2024-12-19 21:15:13', '2024-12-19 21:15:13'),
(567, 28, 'Egbado North', '2024-12-19 21:15:13', '2024-12-19 21:15:13'),
(568, 28, 'Egbado South', '2024-12-19 21:15:13', '2024-12-19 21:15:13'),
(569, 28, 'Ewekoro', '2024-12-19 21:15:13', '2024-12-19 21:15:13'),
(570, 28, 'Ifo', '2024-12-19 21:15:13', '2024-12-19 21:15:13'),
(571, 28, 'Ijebu East', '2024-12-19 21:15:13', '2024-12-19 21:15:13'),
(572, 28, 'Ijebu North', '2024-12-19 21:15:13', '2024-12-19 21:15:13'),
(573, 28, 'Ijebu North East', '2024-12-19 21:15:13', '2024-12-19 21:15:13'),
(574, 28, 'Ijebu Ode', '2024-12-19 21:15:13', '2024-12-19 21:15:13'),
(575, 28, 'Ikenne', '2024-12-19 21:15:13', '2024-12-19 21:15:13'),
(576, 28, 'Imeko Afon', '2024-12-19 21:15:13', '2024-12-19 21:15:13'),
(577, 28, 'Ipokia', '2024-12-19 21:15:13', '2024-12-19 21:15:13'),
(578, 28, 'Obafemi Owode', '2024-12-19 21:15:13', '2024-12-19 21:15:13'),
(579, 28, 'Odeda', '2024-12-19 21:15:13', '2024-12-19 21:15:13'),
(580, 28, 'Odogbolu', '2024-12-19 21:15:13', '2024-12-19 21:15:13'),
(581, 28, 'Ogun Waterside', '2024-12-19 21:15:13', '2024-12-19 21:15:13'),
(582, 28, 'Remo North', '2024-12-19 21:15:14', '2024-12-19 21:15:14'),
(583, 28, 'Shagamu', '2024-12-19 21:15:14', '2024-12-19 21:15:14'),
(584, 29, 'Akoko North-East', '2024-12-19 21:15:14', '2024-12-19 21:15:14'),
(585, 29, 'Akoko North-West', '2024-12-19 21:15:14', '2024-12-19 21:15:14'),
(586, 29, 'Akoko South-West', '2024-12-19 21:15:14', '2024-12-19 21:15:14'),
(587, 29, 'Akoko South-East', '2024-12-19 21:15:14', '2024-12-19 21:15:14'),
(588, 29, 'Akure North', '2024-12-19 21:15:14', '2024-12-19 21:15:14'),
(589, 29, 'Akure South', '2024-12-19 21:15:14', '2024-12-19 21:15:14'),
(590, 29, 'Ese Odo', '2024-12-19 21:15:14', '2024-12-19 21:15:14'),
(591, 29, 'Idanre', '2024-12-19 21:15:14', '2024-12-19 21:15:14'),
(592, 29, 'Ifedore', '2024-12-19 21:15:14', '2024-12-19 21:15:14'),
(593, 29, 'Ilaje', '2024-12-19 21:15:14', '2024-12-19 21:15:14'),
(594, 29, 'Ile Oluji/Okeigbo', '2024-12-19 21:15:14', '2024-12-19 21:15:14'),
(595, 29, 'Irele', '2024-12-19 21:15:14', '2024-12-19 21:15:14'),
(596, 29, 'Odigbo', '2024-12-19 21:15:14', '2024-12-19 21:15:14'),
(597, 29, 'Okitipupa', '2024-12-19 21:15:14', '2024-12-19 21:15:14'),
(598, 29, 'Ondo East', '2024-12-19 21:15:14', '2024-12-19 21:15:14'),
(599, 29, 'Ondo West', '2024-12-19 21:15:14', '2024-12-19 21:15:14'),
(600, 29, 'Ose', '2024-12-19 21:15:14', '2024-12-19 21:15:14'),
(601, 29, 'Owo', '2024-12-19 21:15:14', '2024-12-19 21:15:14'),
(602, 30, 'Atakunmosa East', '2024-12-19 21:15:14', '2024-12-19 21:15:14'),
(603, 30, 'Atakunmosa West', '2024-12-19 21:15:14', '2024-12-19 21:15:14'),
(604, 30, 'Aiyedaade', '2024-12-19 21:15:14', '2024-12-19 21:15:14'),
(605, 30, 'Aiyedire', '2024-12-19 21:15:15', '2024-12-19 21:15:15'),
(606, 30, 'Boluwaduro', '2024-12-19 21:15:15', '2024-12-19 21:15:15'),
(607, 30, 'Boripe', '2024-12-19 21:15:15', '2024-12-19 21:15:15'),
(608, 30, 'Ede North', '2024-12-19 21:15:15', '2024-12-19 21:15:15'),
(609, 30, 'Ede South', '2024-12-19 21:15:15', '2024-12-19 21:15:15'),
(610, 30, 'Ife Central', '2024-12-19 21:15:15', '2024-12-19 21:15:15'),
(611, 30, 'Ife East', '2024-12-19 21:15:15', '2024-12-19 21:15:15'),
(612, 30, 'Ife North', '2024-12-19 21:15:15', '2024-12-19 21:15:15'),
(613, 30, 'Ife South', '2024-12-19 21:15:15', '2024-12-19 21:15:15'),
(614, 30, 'Egbedore', '2024-12-19 21:15:15', '2024-12-19 21:15:15'),
(615, 30, 'Ejigbo', '2024-12-19 21:15:15', '2024-12-19 21:15:15'),
(616, 30, 'Ifedayo', '2024-12-19 21:15:15', '2024-12-19 21:15:15'),
(617, 30, 'Ifelodun', '2024-12-19 21:15:16', '2024-12-19 21:15:16'),
(618, 30, 'Ila', '2024-12-19 21:15:16', '2024-12-19 21:15:16'),
(619, 30, 'Ilesa East', '2024-12-19 21:15:16', '2024-12-19 21:15:16'),
(620, 30, 'Ilesa West', '2024-12-19 21:15:16', '2024-12-19 21:15:16'),
(621, 30, 'Irepodun', '2024-12-19 21:15:16', '2024-12-19 21:15:16'),
(622, 30, 'Irewole', '2024-12-19 21:15:16', '2024-12-19 21:15:16'),
(623, 30, 'Isokan', '2024-12-19 21:15:16', '2024-12-19 21:15:16'),
(624, 30, 'Iwo', '2024-12-19 21:15:16', '2024-12-19 21:15:16'),
(625, 30, 'Obokun', '2024-12-19 21:15:16', '2024-12-19 21:15:16'),
(626, 30, 'Odo Otin', '2024-12-19 21:15:16', '2024-12-19 21:15:16'),
(627, 30, 'Ola Oluwa', '2024-12-19 21:15:16', '2024-12-19 21:15:16'),
(628, 30, 'Olorunda', '2024-12-19 21:15:16', '2024-12-19 21:15:16'),
(629, 30, 'Oriade', '2024-12-19 21:15:16', '2024-12-19 21:15:16'),
(630, 30, 'Orolu', '2024-12-19 21:15:16', '2024-12-19 21:15:16'),
(631, 30, 'Osogbo', '2024-12-19 21:15:16', '2024-12-19 21:15:16'),
(632, 31, 'Afijio', '2024-12-19 21:15:16', '2024-12-19 21:15:16'),
(633, 31, 'Akinyele', '2024-12-19 21:15:16', '2024-12-19 21:15:16'),
(634, 31, 'Atiba', '2024-12-19 21:15:16', '2024-12-19 21:15:16'),
(635, 31, 'Atisbo', '2024-12-19 21:15:17', '2024-12-19 21:15:17'),
(636, 31, 'Egbeda', '2024-12-19 21:15:17', '2024-12-19 21:15:17'),
(637, 31, 'Ibadan North', '2024-12-19 21:15:17', '2024-12-19 21:15:17'),
(638, 31, 'Ibadan North-East', '2024-12-19 21:15:17', '2024-12-19 21:15:17'),
(639, 31, 'Ibadan North-West', '2024-12-19 21:15:17', '2024-12-19 21:15:17'),
(640, 31, 'Ibadan South-East', '2024-12-19 21:15:17', '2024-12-19 21:15:17'),
(641, 31, 'Ibadan South-West', '2024-12-19 21:15:17', '2024-12-19 21:15:17'),
(642, 31, 'Ibarapa Central', '2024-12-19 21:15:17', '2024-12-19 21:15:17'),
(643, 31, 'Ibarapa East', '2024-12-19 21:15:17', '2024-12-19 21:15:17'),
(644, 31, 'Ibarapa North', '2024-12-19 21:15:17', '2024-12-19 21:15:17'),
(645, 31, 'Ido', '2024-12-19 21:15:17', '2024-12-19 21:15:17'),
(646, 31, 'Irepo', '2024-12-19 21:15:17', '2024-12-19 21:15:17'),
(647, 31, 'Iseyin', '2024-12-19 21:15:17', '2024-12-19 21:15:17'),
(648, 31, 'Itesiwaju', '2024-12-19 21:15:17', '2024-12-19 21:15:17'),
(649, 31, 'Iwajowa', '2024-12-19 21:15:18', '2024-12-19 21:15:18'),
(650, 31, 'Kajola', '2024-12-19 21:15:18', '2024-12-19 21:15:18'),
(651, 31, 'Lagelu', '2024-12-19 21:15:18', '2024-12-19 21:15:18'),
(652, 31, 'Ogbomosho North', '2024-12-19 21:15:18', '2024-12-19 21:15:18'),
(653, 31, 'Ogbomosho South', '2024-12-19 21:15:18', '2024-12-19 21:15:18'),
(654, 31, 'Ogo Oluwa', '2024-12-19 21:15:18', '2024-12-19 21:15:18'),
(655, 31, 'Olorunsogo', '2024-12-19 21:15:18', '2024-12-19 21:15:18'),
(656, 31, 'Oluyole', '2024-12-19 21:15:18', '2024-12-19 21:15:18'),
(657, 31, 'Ona Ara', '2024-12-19 21:15:18', '2024-12-19 21:15:18'),
(658, 31, 'Orelope', '2024-12-19 21:15:18', '2024-12-19 21:15:18'),
(659, 31, 'Ori Ire', '2024-12-19 21:15:18', '2024-12-19 21:15:18'),
(660, 31, 'Oyo', '2024-12-19 21:15:18', '2024-12-19 21:15:18'),
(661, 31, 'Oyo East', '2024-12-19 21:15:18', '2024-12-19 21:15:18'),
(662, 31, 'Saki East', '2024-12-19 21:15:18', '2024-12-19 21:15:18'),
(663, 31, 'Saki West', '2024-12-19 21:15:18', '2024-12-19 21:15:18'),
(664, 31, 'Surulere, Oyo State', '2024-12-19 21:15:18', '2024-12-19 21:15:18'),
(665, 32, 'Bokkos', '2024-12-19 21:15:19', '2024-12-19 21:15:19'),
(666, 32, 'Barkin Ladi', '2024-12-19 21:15:19', '2024-12-19 21:15:19'),
(667, 32, 'Bassa', '2024-12-19 21:15:19', '2024-12-19 21:15:19'),
(668, 32, 'Jos East', '2024-12-19 21:15:19', '2024-12-19 21:15:19'),
(669, 32, 'Jos North', '2024-12-19 21:15:19', '2024-12-19 21:15:19'),
(670, 32, 'Jos South', '2024-12-19 21:15:19', '2024-12-19 21:15:19'),
(671, 32, 'Kanam', '2024-12-19 21:15:19', '2024-12-19 21:15:19'),
(672, 32, 'Kanke', '2024-12-19 21:15:19', '2024-12-19 21:15:19'),
(673, 32, 'Langtang South', '2024-12-19 21:15:19', '2024-12-19 21:15:19'),
(674, 32, 'Langtang North', '2024-12-19 21:15:19', '2024-12-19 21:15:19'),
(675, 32, 'Mangu', '2024-12-19 21:15:19', '2024-12-19 21:15:19'),
(676, 32, 'Mikang', '2024-12-19 21:15:19', '2024-12-19 21:15:19'),
(677, 32, 'Pankshin', '2024-12-19 21:15:19', '2024-12-19 21:15:19'),
(678, 32, 'Qua\'an Pan', '2024-12-19 21:15:19', '2024-12-19 21:15:19'),
(679, 32, 'Riyom', '2024-12-19 21:15:19', '2024-12-19 21:15:19'),
(680, 32, 'Shendam', '2024-12-19 21:15:19', '2024-12-19 21:15:19'),
(681, 32, 'Wase', '2024-12-19 21:15:19', '2024-12-19 21:15:19'),
(682, 33, 'Abua/Odual', '2024-12-19 21:15:19', '2024-12-19 21:15:19'),
(683, 33, 'Ahoada East', '2024-12-19 21:15:19', '2024-12-19 21:15:19'),
(684, 33, 'Ahoada West', '2024-12-19 21:15:19', '2024-12-19 21:15:19'),
(685, 33, 'Akuku-Toru', '2024-12-19 21:15:19', '2024-12-19 21:15:19'),
(686, 33, 'Andoni', '2024-12-19 21:15:19', '2024-12-19 21:15:19'),
(687, 33, 'Asari-Toru', '2024-12-19 21:15:20', '2024-12-19 21:15:20'),
(688, 33, 'Bonny', '2024-12-19 21:15:20', '2024-12-19 21:15:20'),
(689, 33, 'Degema', '2024-12-19 21:15:20', '2024-12-19 21:15:20'),
(690, 33, 'Eleme', '2024-12-19 21:15:20', '2024-12-19 21:15:20'),
(691, 33, 'Emuoha', '2024-12-19 21:15:20', '2024-12-19 21:15:20'),
(692, 33, 'Etche', '2024-12-19 21:15:20', '2024-12-19 21:15:20'),
(693, 33, 'Gokana', '2024-12-19 21:15:20', '2024-12-19 21:15:20'),
(694, 33, 'Ikwerre', '2024-12-19 21:15:20', '2024-12-19 21:15:20'),
(695, 33, 'Khana', '2024-12-19 21:15:20', '2024-12-19 21:15:20'),
(696, 33, 'Obio/Akpor', '2024-12-19 21:15:20', '2024-12-19 21:15:20'),
(697, 33, 'Ogba/Egbema/Ndoni', '2024-12-19 21:15:20', '2024-12-19 21:15:20'),
(698, 33, 'Ogu/Bolo', '2024-12-19 21:15:20', '2024-12-19 21:15:20'),
(699, 33, 'Okrika', '2024-12-19 21:15:20', '2024-12-19 21:15:20'),
(700, 33, 'Omuma', '2024-12-19 21:15:20', '2024-12-19 21:15:20'),
(701, 33, 'Opobo/Nkoro', '2024-12-19 21:15:20', '2024-12-19 21:15:20'),
(702, 33, 'Oyigbo', '2024-12-19 21:15:20', '2024-12-19 21:15:20'),
(703, 33, 'Port Harcourt', '2024-12-19 21:15:20', '2024-12-19 21:15:20'),
(704, 33, 'Tai', '2024-12-19 21:15:20', '2024-12-19 21:15:20'),
(705, 34, 'Binji', '2024-12-19 21:15:21', '2024-12-19 21:15:21'),
(706, 34, 'Bodinga', '2024-12-19 21:15:21', '2024-12-19 21:15:21'),
(707, 34, 'Dange Shuni', '2024-12-19 21:15:21', '2024-12-19 21:15:21'),
(708, 34, 'Gada', '2024-12-19 21:15:21', '2024-12-19 21:15:21'),
(709, 34, 'Goronyo', '2024-12-19 21:15:21', '2024-12-19 21:15:21'),
(710, 34, 'Gudu', '2024-12-19 21:15:21', '2024-12-19 21:15:21'),
(711, 34, 'Gwadabawa', '2024-12-19 21:15:21', '2024-12-19 21:15:21'),
(712, 34, 'Illela', '2024-12-19 21:15:21', '2024-12-19 21:15:21'),
(713, 34, 'Isa', '2024-12-19 21:15:21', '2024-12-19 21:15:21'),
(714, 34, 'Kebbe', '2024-12-19 21:15:21', '2024-12-19 21:15:21'),
(715, 34, 'Kware', '2024-12-19 21:15:21', '2024-12-19 21:15:21'),
(716, 34, 'Rabah', '2024-12-19 21:15:21', '2024-12-19 21:15:21'),
(717, 34, 'Sabon Birni', '2024-12-19 21:15:21', '2024-12-19 21:15:21'),
(718, 34, 'Shagari', '2024-12-19 21:15:21', '2024-12-19 21:15:21'),
(719, 34, 'Silame', '2024-12-19 21:15:21', '2024-12-19 21:15:21'),
(720, 34, 'Sokoto North', '2024-12-19 21:15:21', '2024-12-19 21:15:21'),
(721, 34, 'Sokoto South', '2024-12-19 21:15:21', '2024-12-19 21:15:21'),
(722, 34, 'Tambuwal', '2024-12-19 21:15:21', '2024-12-19 21:15:21'),
(723, 34, 'Tangaza', '2024-12-19 21:15:22', '2024-12-19 21:15:22'),
(724, 34, 'Tureta', '2024-12-19 21:15:22', '2024-12-19 21:15:22'),
(725, 34, 'Wamako', '2024-12-19 21:15:22', '2024-12-19 21:15:22'),
(726, 34, 'Wurno', '2024-12-19 21:15:22', '2024-12-19 21:15:22'),
(727, 34, 'Yabo', '2024-12-19 21:15:22', '2024-12-19 21:15:22'),
(728, 35, 'Ardo Kola', '2024-12-19 21:15:22', '2024-12-19 21:15:22'),
(729, 35, 'Bali', '2024-12-19 21:15:22', '2024-12-19 21:15:22'),
(730, 35, 'Donga', '2024-12-19 21:15:22', '2024-12-19 21:15:22'),
(731, 35, 'Gashaka', '2024-12-19 21:15:22', '2024-12-19 21:15:22'),
(732, 35, 'Gassol', '2024-12-19 21:15:22', '2024-12-19 21:15:22'),
(733, 35, 'Ibi', '2024-12-19 21:15:22', '2024-12-19 21:15:22'),
(734, 35, 'Jalingo', '2024-12-19 21:15:22', '2024-12-19 21:15:22'),
(735, 35, 'Karim Lamido', '2024-12-19 21:15:22', '2024-12-19 21:15:22'),
(736, 35, 'Kumi', '2024-12-19 21:15:22', '2024-12-19 21:15:22'),
(737, 35, 'Lau', '2024-12-19 21:15:22', '2024-12-19 21:15:22'),
(738, 35, 'Sardauna', '2024-12-19 21:15:22', '2024-12-19 21:15:22'),
(739, 35, 'Takum', '2024-12-19 21:15:22', '2024-12-19 21:15:22'),
(740, 35, 'Ussa', '2024-12-19 21:15:22', '2024-12-19 21:15:22'),
(741, 35, 'Wukari', '2024-12-19 21:15:22', '2024-12-19 21:15:22'),
(742, 35, 'Yorro', '2024-12-19 21:15:22', '2024-12-19 21:15:22'),
(743, 35, 'Zing', '2024-12-19 21:15:23', '2024-12-19 21:15:23'),
(744, 36, 'Bade', '2024-12-19 21:15:23', '2024-12-19 21:15:23'),
(745, 36, 'Bursari', '2024-12-19 21:15:23', '2024-12-19 21:15:23'),
(746, 36, 'Damaturu', '2024-12-19 21:15:23', '2024-12-19 21:15:23'),
(747, 36, 'Fika', '2024-12-19 21:15:23', '2024-12-19 21:15:23'),
(748, 36, 'Fune', '2024-12-19 21:15:23', '2024-12-19 21:15:23'),
(749, 36, 'Geidam', '2024-12-19 21:15:23', '2024-12-19 21:15:23'),
(750, 36, 'Gujba', '2024-12-19 21:15:23', '2024-12-19 21:15:23'),
(751, 36, 'Gulani', '2024-12-19 21:15:23', '2024-12-19 21:15:23'),
(752, 36, 'Jakusko', '2024-12-19 21:15:23', '2024-12-19 21:15:23'),
(753, 36, 'Karasuwa', '2024-12-19 21:15:23', '2024-12-19 21:15:23');
INSERT INTO `lgas` (`id`, `state_id`, `name`, `created_at`, `updated_at`) VALUES
(754, 36, 'Machina', '2024-12-19 21:15:23', '2024-12-19 21:15:23'),
(755, 36, 'Nangere', '2024-12-19 21:15:23', '2024-12-19 21:15:23'),
(756, 36, 'Nguru', '2024-12-19 21:15:23', '2024-12-19 21:15:23'),
(757, 36, 'Potiskum', '2024-12-19 21:15:23', '2024-12-19 21:15:23'),
(758, 36, 'Tarmuwa', '2024-12-19 21:15:23', '2024-12-19 21:15:23'),
(759, 36, 'Yunusari', '2024-12-19 21:15:23', '2024-12-19 21:15:23'),
(760, 36, 'Yusufari', '2024-12-19 21:15:23', '2024-12-19 21:15:23'),
(761, 37, 'Anka', '2024-12-19 21:15:23', '2024-12-19 21:15:23'),
(762, 37, 'Bakura', '2024-12-19 21:15:23', '2024-12-19 21:15:23'),
(763, 37, 'Birnin Magaji/Kiyaw', '2024-12-19 21:15:23', '2024-12-19 21:15:23'),
(764, 37, 'Bukkuyum', '2024-12-19 21:15:23', '2024-12-19 21:15:23'),
(765, 37, 'Bungudu', '2024-12-19 21:15:23', '2024-12-19 21:15:23'),
(766, 37, 'Gummi', '2024-12-19 21:15:23', '2024-12-19 21:15:23'),
(767, 37, 'Gusau', '2024-12-19 21:15:24', '2024-12-19 21:15:24'),
(768, 37, 'Kaura Namoda', '2024-12-19 21:15:24', '2024-12-19 21:15:24'),
(769, 37, 'Maradun', '2024-12-19 21:15:24', '2024-12-19 21:15:24'),
(770, 37, 'Maru', '2024-12-19 21:15:24', '2024-12-19 21:15:24'),
(771, 37, 'Shinkafi', '2024-12-19 21:15:24', '2024-12-19 21:15:24'),
(772, 37, 'Talata Mafara', '2024-12-19 21:15:24', '2024-12-19 21:15:24'),
(773, 37, 'Chafe', '2024-12-19 21:15:24', '2024-12-19 21:15:24'),
(774, 37, 'Zurmi', '2024-12-19 21:15:24', '2024-12-19 21:15:24'),
(775, 50, 'Khartoum', NULL, NULL);

-- --------------------------------------------------------

--
-- Table structure for table `marks`
--

CREATE TABLE `marks` (
  `id` int(10) UNSIGNED NOT NULL,
  `student_id` int(10) UNSIGNED NOT NULL,
  `subject_id` int(10) UNSIGNED NOT NULL,
  `my_class_id` int(10) UNSIGNED NOT NULL,
  `section_id` int(10) UNSIGNED NOT NULL,
  `exam_id` int(10) UNSIGNED NOT NULL,
  `t1` int(11) DEFAULT NULL,
  `t2` int(11) DEFAULT NULL,
  `t3` int(11) DEFAULT NULL,
  `t4` int(11) DEFAULT NULL,
  `tca` int(11) DEFAULT NULL,
  `exm` int(11) DEFAULT NULL,
  `tex1` int(11) DEFAULT NULL,
  `tex2` int(11) DEFAULT NULL,
  `tex3` int(11) DEFAULT NULL,
  `sub_pos` tinyint(4) DEFAULT NULL,
  `cum` int(11) DEFAULT NULL,
  `cum_ave` varchar(255) DEFAULT NULL,
  `grade_id` int(10) UNSIGNED DEFAULT NULL,
  `year` varchar(255) NOT NULL,
  `created_at` timestamp NULL DEFAULT NULL,
  `updated_at` timestamp NULL DEFAULT NULL
) ENGINE=InnoDB DEFAULT CHARSET=utf8mb4 COLLATE=utf8mb4_unicode_ci;

--
-- Dumping data for table `marks`
--

INSERT INTO `marks` (`id`, `student_id`, `subject_id`, `my_class_id`, `section_id`, `exam_id`, `t1`, `t2`, `t3`, `t4`, `tca`, `exm`, `tex1`, `tex2`, `tex3`, `sub_pos`, `cum`, `cum_ave`, `grade_id`, `year`, `created_at`, `updated_at`) VALUES
(6, 57, 5, 9, 11, 3, 20, 15, NULL, NULL, 35, 55, 90, NULL, NULL, 1, NULL, NULL, 1, '2024-2025', '2024-12-26 10:51:46', '2024-12-26 10:52:09'),
(7, 57, 4, 9, 11, 3, 20, 12, NULL, NULL, 32, 45, 77, NULL, NULL, 1, NULL, NULL, 1, '2024-2025', '2024-12-26 10:57:56', '2024-12-26 10:58:40'),
(8, 57, 8, 9, 11, 3, 10, 9, NULL, NULL, 19, 33, 52, NULL, NULL, 1, NULL, NULL, 3, '2024-2025', '2024-12-26 10:58:49', '2024-12-26 10:59:02'),
(9, 57, 9, 9, 11, 3, 14, 11, NULL, NULL, 25, 49, 74, NULL, NULL, 1, NULL, NULL, 1, '2024-2025', '2024-12-26 10:59:10', '2024-12-26 10:59:33'),
(10, 57, 7, 9, 11, 3, 19, 17, NULL, NULL, 36, 58, 94, NULL, NULL, 1, NULL, NULL, 1, '2024-2025', '2024-12-26 10:59:39', '2024-12-26 11:00:03'),
(11, 57, 6, 9, 11, 3, 16, 18, NULL, NULL, 34, 50, 84, NULL, NULL, 1, NULL, NULL, 1, '2024-2025', '2024-12-26 11:00:09', '2024-12-26 11:00:27'),
(12, 57, 10, 9, 11, 3, 20, 19, NULL, NULL, 39, 55, 94, NULL, NULL, 1, NULL, NULL, 1, '2024-2025', '2024-12-26 11:00:34', '2024-12-26 11:00:49'),
(13, 57, 1, 9, 11, 3, 15, 16, NULL, NULL, 31, 56, 87, NULL, NULL, 1, NULL, NULL, 1, '2024-2025', '2024-12-26 11:00:54', '2024-12-26 11:01:13');

-- --------------------------------------------------------

--
-- Table structure for table `migrations`
--

CREATE TABLE `migrations` (
  `id` int(10) UNSIGNED NOT NULL,
  `migration` varchar(255) NOT NULL,
  `batch` int(11) NOT NULL
) ENGINE=InnoDB DEFAULT CHARSET=utf8mb4 COLLATE=utf8mb4_unicode_ci;

--
-- Dumping data for table `migrations`
--

INSERT INTO `migrations` (`id`, `migration`, `batch`) VALUES
(1, '2013_09_20_121733_create_blood_groups_table', 1),
(2, '2013_09_22_124750_create_states_table', 1),
(3, '2013_09_22_124806_create_lgas_table', 1),
(4, '2013_09_26_121148_create_nationalities_table', 1),
(5, '2014_10_12_000000_create_users_table', 1),
(6, '2014_10_12_100000_create_password_resets_table', 1),
(7, '2018_09_20_100249_create_user_types_table', 1),
(8, '2018_09_20_150906_create_class_types_table', 1),
(9, '2018_09_22_073005_create_my_classes_table', 1),
(10, '2018_09_22_073526_create_sections_table', 1),
(11, '2018_09_22_080555_create_settings_table', 1),
(12, '2018_09_22_081302_create_subjects_table', 1),
(13, '2018_09_22_151514_create_student_records_table', 1),
(14, '2018_09_26_124241_create_dorms_table', 1),
(15, '2018_10_04_224910_create_exams_table', 1),
(16, '2018_10_06_224846_create_marks_table', 1),
(17, '2018_10_06_224944_create_grades_table', 1),
(18, '2018_10_06_225007_create_pins_table', 1),
(19, '2018_10_18_205550_create_skills_table', 1),
(20, '2018_10_18_205842_create_exam_records_table', 1),
(21, '2018_10_31_191358_create_books_table', 1),
(22, '2018_10_31_192540_create_book_requests_table', 1),
(23, '2018_11_01_132115_create_staff_records_table', 1),
(24, '2018_11_03_210758_create_payments_table', 1),
(25, '2018_11_03_210817_create_payment_records_table', 1),
(26, '2018_11_06_083707_create_receipts_table', 1),
(27, '2018_11_27_180401_create_time_tables_table', 1),
(28, '2019_09_22_142514_create_fks', 1),
(29, '2019_09_26_132227_create_promotions_table', 1);

-- --------------------------------------------------------

--
-- Table structure for table `my_classes`
--

CREATE TABLE `my_classes` (
  `id` int(10) UNSIGNED NOT NULL,
  `name` varchar(100) NOT NULL,
  `class_type_id` int(10) UNSIGNED DEFAULT NULL,
  `created_at` timestamp NULL DEFAULT NULL,
  `updated_at` timestamp NULL DEFAULT NULL
) ENGINE=InnoDB DEFAULT CHARSET=utf8mb4 COLLATE=utf8mb4_unicode_ci;

--
-- Dumping data for table `my_classes`
--

INSERT INTO `my_classes` (`id`, `name`, `class_type_id`, `created_at`, `updated_at`) VALUES
(1, 'class 1', 5, NULL, NULL),
(2, 'class 2', 5, NULL, NULL),
(3, 'class 3', 5, NULL, NULL),
(4, 'class 4', 5, NULL, NULL),
(5, 'class 5', 5, NULL, NULL),
(6, 'class 6', 5, NULL, NULL),
(7, 'class 7', 5, NULL, NULL),
(8, 'class 8', 5, NULL, NULL),
(9, 'class 9', 5, NULL, NULL),
(10, 'class 10', 5, NULL, NULL);

-- --------------------------------------------------------

--
-- Table structure for table `nationalities`
--

CREATE TABLE `nationalities` (
  `id` int(10) UNSIGNED NOT NULL,
  `name` varchar(255) NOT NULL,
  `created_at` timestamp NULL DEFAULT NULL,
  `updated_at` timestamp NULL DEFAULT NULL
) ENGINE=InnoDB DEFAULT CHARSET=utf8mb4 COLLATE=utf8mb4_unicode_ci;

--
-- Dumping data for table `nationalities`
--

INSERT INTO `nationalities` (`id`, `name`, `created_at`, `updated_at`) VALUES
(1, 'Afghan', '2024-12-19 21:14:27', '2024-12-19 21:14:27'),
(2, 'Albanian', '2024-12-19 21:14:28', '2024-12-19 21:14:28'),
(3, 'Algerian', '2024-12-19 21:14:28', '2024-12-19 21:14:28'),
(4, 'American', '2024-12-19 21:14:28', '2024-12-19 21:14:28'),
(5, 'Andorran', '2024-12-19 21:14:28', '2024-12-19 21:14:28'),
(6, 'Angolan', '2024-12-19 21:14:28', '2024-12-19 21:14:28'),
(7, 'Antiguans', '2024-12-19 21:14:28', '2024-12-19 21:14:28'),
(8, 'Argentinean', '2024-12-19 21:14:28', '2024-12-19 21:14:28'),
(9, 'Armenian', '2024-12-19 21:14:28', '2024-12-19 21:14:28'),
(10, 'Australian', '2024-12-19 21:14:28', '2024-12-19 21:14:28'),
(11, 'Austrian', '2024-12-19 21:14:28', '2024-12-19 21:14:28'),
(12, 'Azerbaijani', '2024-12-19 21:14:28', '2024-12-19 21:14:28'),
(13, 'Bahamian', '2024-12-19 21:14:28', '2024-12-19 21:14:28'),
(14, 'Bahraini', '2024-12-19 21:14:28', '2024-12-19 21:14:28'),
(15, 'Bangladeshi', '2024-12-19 21:14:28', '2024-12-19 21:14:28'),
(16, 'Barbadian', '2024-12-19 21:14:28', '2024-12-19 21:14:28'),
(17, 'Barbudans', '2024-12-19 21:14:28', '2024-12-19 21:14:28'),
(18, 'Batswana', '2024-12-19 21:14:28', '2024-12-19 21:14:28'),
(19, 'Belarusian', '2024-12-19 21:14:29', '2024-12-19 21:14:29'),
(20, 'Belgian', '2024-12-19 21:14:29', '2024-12-19 21:14:29'),
(21, 'Belizean', '2024-12-19 21:14:29', '2024-12-19 21:14:29'),
(22, 'Beninese', '2024-12-19 21:14:29', '2024-12-19 21:14:29'),
(23, 'Bhutanese', '2024-12-19 21:14:29', '2024-12-19 21:14:29'),
(24, 'Bolivian', '2024-12-19 21:14:29', '2024-12-19 21:14:29'),
(25, 'Bosnian', '2024-12-19 21:14:29', '2024-12-19 21:14:29'),
(26, 'Brazilian', '2024-12-19 21:14:29', '2024-12-19 21:14:29'),
(27, 'British', '2024-12-19 21:14:29', '2024-12-19 21:14:29'),
(28, 'Bruneian', '2024-12-19 21:14:29', '2024-12-19 21:14:29'),
(29, 'Bulgarian', '2024-12-19 21:14:29', '2024-12-19 21:14:29'),
(30, 'Burkinabe', '2024-12-19 21:14:29', '2024-12-19 21:14:29'),
(31, 'Burmese', '2024-12-19 21:14:29', '2024-12-19 21:14:29'),
(32, 'Burundian', '2024-12-19 21:14:29', '2024-12-19 21:14:29'),
(33, 'Cambodian', '2024-12-19 21:14:30', '2024-12-19 21:14:30'),
(34, 'Cameroonian', '2024-12-19 21:14:30', '2024-12-19 21:14:30'),
(35, 'Canadian', '2024-12-19 21:14:30', '2024-12-19 21:14:30'),
(36, 'Cape Verdean', '2024-12-19 21:14:30', '2024-12-19 21:14:30'),
(37, 'Central African', '2024-12-19 21:14:30', '2024-12-19 21:14:30'),
(38, 'Chadian', '2024-12-19 21:14:30', '2024-12-19 21:14:30'),
(39, 'Chilean', '2024-12-19 21:14:30', '2024-12-19 21:14:30'),
(40, 'Chinese', '2024-12-19 21:14:30', '2024-12-19 21:14:30'),
(41, 'Colombian', '2024-12-19 21:14:30', '2024-12-19 21:14:30'),
(42, 'Comoran', '2024-12-19 21:14:30', '2024-12-19 21:14:30'),
(43, 'Congolese', '2024-12-19 21:14:30', '2024-12-19 21:14:30'),
(44, 'Costa Rican', '2024-12-19 21:14:30', '2024-12-19 21:14:30'),
(45, 'Croatian', '2024-12-19 21:14:30', '2024-12-19 21:14:30'),
(46, 'Cuban', '2024-12-19 21:14:31', '2024-12-19 21:14:31'),
(47, 'Cypriot', '2024-12-19 21:14:31', '2024-12-19 21:14:31'),
(48, 'Czech', '2024-12-19 21:14:31', '2024-12-19 21:14:31'),
(49, 'Danish', '2024-12-19 21:14:31', '2024-12-19 21:14:31'),
(50, 'Djibouti', '2024-12-19 21:14:31', '2024-12-19 21:14:31'),
(51, 'Dominican', '2024-12-19 21:14:31', '2024-12-19 21:14:31'),
(52, 'Dutch', '2024-12-19 21:14:31', '2024-12-19 21:14:31'),
(53, 'East Timorese', '2024-12-19 21:14:31', '2024-12-19 21:14:31'),
(54, 'Ecuadorean', '2024-12-19 21:14:31', '2024-12-19 21:14:31'),
(55, 'Egyptian', '2024-12-19 21:14:31', '2024-12-19 21:14:31'),
(56, 'Emirian', '2024-12-19 21:14:31', '2024-12-19 21:14:31'),
(57, 'Equatorial Guinean', '2024-12-19 21:14:31', '2024-12-19 21:14:31'),
(58, 'Eritrean', '2024-12-19 21:14:31', '2024-12-19 21:14:31'),
(59, 'Estonian', '2024-12-19 21:14:31', '2024-12-19 21:14:31'),
(60, 'Ethiopian', '2024-12-19 21:14:32', '2024-12-19 21:14:32'),
(61, 'Fijian', '2024-12-19 21:14:32', '2024-12-19 21:14:32'),
(62, 'Filipino', '2024-12-19 21:14:32', '2024-12-19 21:14:32'),
(63, 'Finnish', '2024-12-19 21:14:32', '2024-12-19 21:14:32'),
(64, 'French', '2024-12-19 21:14:32', '2024-12-19 21:14:32'),
(65, 'Gabonese', '2024-12-19 21:14:32', '2024-12-19 21:14:32'),
(66, 'Gambian', '2024-12-19 21:14:32', '2024-12-19 21:14:32'),
(67, 'Georgian', '2024-12-19 21:14:32', '2024-12-19 21:14:32'),
(68, 'German', '2024-12-19 21:14:32', '2024-12-19 21:14:32'),
(69, 'Ghanaian', '2024-12-19 21:14:32', '2024-12-19 21:14:32'),
(70, 'Greek', '2024-12-19 21:14:32', '2024-12-19 21:14:32'),
(71, 'Grenadian', '2024-12-19 21:14:32', '2024-12-19 21:14:32'),
(72, 'Guatemalan', '2024-12-19 21:14:32', '2024-12-19 21:14:32'),
(73, 'Guinea-Bissauan', '2024-12-19 21:14:32', '2024-12-19 21:14:32'),
(74, 'Guinean', '2024-12-19 21:14:32', '2024-12-19 21:14:32'),
(75, 'Guyanese', '2024-12-19 21:14:32', '2024-12-19 21:14:32'),
(76, 'Haitian', '2024-12-19 21:14:33', '2024-12-19 21:14:33'),
(77, 'Herzegovinian', '2024-12-19 21:14:33', '2024-12-19 21:14:33'),
(78, 'Honduran', '2024-12-19 21:14:33', '2024-12-19 21:14:33'),
(79, 'Hungarian', '2024-12-19 21:14:33', '2024-12-19 21:14:33'),
(80, 'I-Kiribati', '2024-12-19 21:14:33', '2024-12-19 21:14:33'),
(81, 'Icelander', '2024-12-19 21:14:33', '2024-12-19 21:14:33'),
(82, 'Indian', '2024-12-19 21:14:33', '2024-12-19 21:14:33'),
(83, 'Indonesian', '2024-12-19 21:14:33', '2024-12-19 21:14:33'),
(84, 'Iranian', '2024-12-19 21:14:33', '2024-12-19 21:14:33'),
(85, 'Iraqi', '2024-12-19 21:14:33', '2024-12-19 21:14:33'),
(86, 'Irish', '2024-12-19 21:14:33', '2024-12-19 21:14:33'),
(87, 'Israeli', '2024-12-19 21:14:33', '2024-12-19 21:14:33'),
(88, 'Italian', '2024-12-19 21:14:33', '2024-12-19 21:14:33'),
(89, 'Ivorian', '2024-12-19 21:14:33', '2024-12-19 21:14:33'),
(90, 'Jamaican', '2024-12-19 21:14:33', '2024-12-19 21:14:33'),
(91, 'Japanese', '2024-12-19 21:14:34', '2024-12-19 21:14:34'),
(92, 'Jordanian', '2024-12-19 21:14:34', '2024-12-19 21:14:34'),
(93, 'Kazakhstani', '2024-12-19 21:14:34', '2024-12-19 21:14:34'),
(94, 'Kenyan', '2024-12-19 21:14:34', '2024-12-19 21:14:34'),
(95, 'Kittian and Nevisian', '2024-12-19 21:14:34', '2024-12-19 21:14:34'),
(96, 'Kuwaiti', '2024-12-19 21:14:34', '2024-12-19 21:14:34'),
(97, 'Kyrgyz', '2024-12-19 21:14:34', '2024-12-19 21:14:34'),
(98, 'Laotian', '2024-12-19 21:14:34', '2024-12-19 21:14:34'),
(99, 'Latvian', '2024-12-19 21:14:34', '2024-12-19 21:14:34'),
(100, 'Lebanese', '2024-12-19 21:14:34', '2024-12-19 21:14:34'),
(101, 'Liberian', '2024-12-19 21:14:34', '2024-12-19 21:14:34'),
(102, 'Libyan', '2024-12-19 21:14:34', '2024-12-19 21:14:34'),
(103, 'Liechtensteiner', '2024-12-19 21:14:34', '2024-12-19 21:14:34'),
(104, 'Lithuanian', '2024-12-19 21:14:34', '2024-12-19 21:14:34'),
(105, 'Luxembourger', '2024-12-19 21:14:34', '2024-12-19 21:14:34'),
(106, 'Macedonian', '2024-12-19 21:14:34', '2024-12-19 21:14:34'),
(107, 'Malagasy', '2024-12-19 21:14:34', '2024-12-19 21:14:34'),
(108, 'Malawian', '2024-12-19 21:14:35', '2024-12-19 21:14:35'),
(109, 'Malaysian', '2024-12-19 21:14:35', '2024-12-19 21:14:35'),
(110, 'Maldivan', '2024-12-19 21:14:35', '2024-12-19 21:14:35'),
(111, 'Malian', '2024-12-19 21:14:35', '2024-12-19 21:14:35'),
(112, 'Maltese', '2024-12-19 21:14:35', '2024-12-19 21:14:35'),
(113, 'Marshallese', '2024-12-19 21:14:35', '2024-12-19 21:14:35'),
(114, 'Mauritanian', '2024-12-19 21:14:35', '2024-12-19 21:14:35'),
(115, 'Mauritian', '2024-12-19 21:14:35', '2024-12-19 21:14:35'),
(116, 'Mexican', '2024-12-19 21:14:35', '2024-12-19 21:14:35'),
(117, 'Micronesian', '2024-12-19 21:14:35', '2024-12-19 21:14:35'),
(118, 'Moldovan', '2024-12-19 21:14:35', '2024-12-19 21:14:35'),
(119, 'Monacan', '2024-12-19 21:14:35', '2024-12-19 21:14:35'),
(120, 'Mongolian', '2024-12-19 21:14:35', '2024-12-19 21:14:35'),
(121, 'Moroccan', '2024-12-19 21:14:35', '2024-12-19 21:14:35'),
(122, 'Mosotho', '2024-12-19 21:14:35', '2024-12-19 21:14:35'),
(123, 'Motswana', '2024-12-19 21:14:36', '2024-12-19 21:14:36'),
(124, 'Mozambican', '2024-12-19 21:14:36', '2024-12-19 21:14:36'),
(125, 'Namibian', '2024-12-19 21:14:36', '2024-12-19 21:14:36'),
(126, 'Nauruan', '2024-12-19 21:14:36', '2024-12-19 21:14:36'),
(127, 'Nepalese', '2024-12-19 21:14:36', '2024-12-19 21:14:36'),
(128, 'New Zealander', '2024-12-19 21:14:36', '2024-12-19 21:14:36'),
(129, 'Nicaraguan', '2024-12-19 21:14:36', '2024-12-19 21:14:36'),
(130, 'Nigerian', '2024-12-19 21:14:36', '2024-12-19 21:14:36'),
(131, 'Nigerien', '2024-12-19 21:14:36', '2024-12-19 21:14:36'),
(132, 'North Korean', '2024-12-19 21:14:36', '2024-12-19 21:14:36'),
(133, 'Northern Irish', '2024-12-19 21:14:36', '2024-12-19 21:14:36'),
(134, 'Norwegian', '2024-12-19 21:14:36', '2024-12-19 21:14:36'),
(135, 'Omani', '2024-12-19 21:14:36', '2024-12-19 21:14:36'),
(136, 'Pakistani', '2024-12-19 21:14:36', '2024-12-19 21:14:36'),
(137, 'Palauan', '2024-12-19 21:14:36', '2024-12-19 21:14:36'),
(138, 'Panamanian', '2024-12-19 21:14:36', '2024-12-19 21:14:36'),
(139, 'Papua New Guinean', '2024-12-19 21:14:37', '2024-12-19 21:14:37'),
(140, 'Paraguayan', '2024-12-19 21:14:37', '2024-12-19 21:14:37'),
(141, 'Peruvian', '2024-12-19 21:14:37', '2024-12-19 21:14:37'),
(142, 'Polish', '2024-12-19 21:14:37', '2024-12-19 21:14:37'),
(143, 'Portuguese', '2024-12-19 21:14:37', '2024-12-19 21:14:37'),
(144, 'Qatari', '2024-12-19 21:14:37', '2024-12-19 21:14:37'),
(145, 'Romanian', '2024-12-19 21:14:37', '2024-12-19 21:14:37'),
(146, 'Russian', '2024-12-19 21:14:37', '2024-12-19 21:14:37'),
(147, 'Rwandan', '2024-12-19 21:14:37', '2024-12-19 21:14:37'),
(148, 'Saint Lucian', '2024-12-19 21:14:37', '2024-12-19 21:14:37'),
(149, 'Salvadoran', '2024-12-19 21:14:37', '2024-12-19 21:14:37'),
(150, 'Samoan', '2024-12-19 21:14:37', '2024-12-19 21:14:37'),
(151, 'San Marinese', '2024-12-19 21:14:37', '2024-12-19 21:14:37'),
(152, 'Sao Tomean', '2024-12-19 21:14:37', '2024-12-19 21:14:37'),
(153, 'Saudi', '2024-12-19 21:14:37', '2024-12-19 21:14:37'),
(154, 'Scottish', '2024-12-19 21:14:37', '2024-12-19 21:14:37'),
(155, 'Senegalese', '2024-12-19 21:14:37', '2024-12-19 21:14:37'),
(156, 'Serbian', '2024-12-19 21:14:37', '2024-12-19 21:14:37'),
(157, 'Seychellois', '2024-12-19 21:14:37', '2024-12-19 21:14:37'),
(158, 'Sierra Leonean', '2024-12-19 21:14:38', '2024-12-19 21:14:38'),
(159, 'Singaporean', '2024-12-19 21:14:38', '2024-12-19 21:14:38'),
(160, 'Slovakian', '2024-12-19 21:14:38', '2024-12-19 21:14:38'),
(161, 'Slovenian', '2024-12-19 21:14:38', '2024-12-19 21:14:38'),
(162, 'Solomon Islander', '2024-12-19 21:14:38', '2024-12-19 21:14:38'),
(163, 'Somali', '2024-12-19 21:14:38', '2024-12-19 21:14:38'),
(164, 'South African', '2024-12-19 21:14:38', '2024-12-19 21:14:38'),
(165, 'South Korean', '2024-12-19 21:14:38', '2024-12-19 21:14:38'),
(166, 'Spanish', '2024-12-19 21:14:38', '2024-12-19 21:14:38'),
(167, 'Sri Lankan', '2024-12-19 21:14:38', '2024-12-19 21:14:38'),
(168, 'Sudanese', '2024-12-19 21:14:38', '2024-12-19 21:14:38'),
(169, 'Surinamer', '2024-12-19 21:14:38', '2024-12-19 21:14:38'),
(170, 'Swazi', '2024-12-19 21:14:39', '2024-12-19 21:14:39'),
(171, 'Swedish', '2024-12-19 21:14:39', '2024-12-19 21:14:39'),
(172, 'Swiss', '2024-12-19 21:14:39', '2024-12-19 21:14:39'),
(173, 'Syrian', '2024-12-19 21:14:39', '2024-12-19 21:14:39'),
(174, 'Taiwanese', '2024-12-19 21:14:39', '2024-12-19 21:14:39'),
(175, 'Tajik', '2024-12-19 21:14:39', '2024-12-19 21:14:39'),
(176, 'Tanzanian', '2024-12-19 21:14:39', '2024-12-19 21:14:39'),
(177, 'Thai', '2024-12-19 21:14:39', '2024-12-19 21:14:39'),
(178, 'Togolese', '2024-12-19 21:14:39', '2024-12-19 21:14:39'),
(179, 'Tongan', '2024-12-19 21:14:39', '2024-12-19 21:14:39'),
(180, 'Trinidadian/Tobagonian', '2024-12-19 21:14:39', '2024-12-19 21:14:39'),
(181, 'Tunisian', '2024-12-19 21:14:39', '2024-12-19 21:14:39'),
(182, 'Turkish', '2024-12-19 21:14:39', '2024-12-19 21:14:39'),
(183, 'Tuvaluan', '2024-12-19 21:14:39', '2024-12-19 21:14:39'),
(184, 'Ugandan', '2024-12-19 21:14:39', '2024-12-19 21:14:39'),
(185, 'Ukrainian', '2024-12-19 21:14:39', '2024-12-19 21:14:39'),
(186, 'Uruguayan', '2024-12-19 21:14:39', '2024-12-19 21:14:39'),
(187, 'Uzbekistani', '2024-12-19 21:14:39', '2024-12-19 21:14:39'),
(188, 'Venezuelan', '2024-12-19 21:14:39', '2024-12-19 21:14:39'),
(189, 'Vietnamese', '2024-12-19 21:14:39', '2024-12-19 21:14:39'),
(190, 'Welsh', '2024-12-19 21:14:39', '2024-12-19 21:14:39'),
(191, 'Yemenite', '2024-12-19 21:14:39', '2024-12-19 21:14:39'),
(192, 'Zambian', '2024-12-19 21:14:40', '2024-12-19 21:14:40'),
(193, 'Zimbabwean', '2024-12-19 21:14:40', '2024-12-19 21:14:40');

-- --------------------------------------------------------

--
-- Table structure for table `password_resets`
--

CREATE TABLE `password_resets` (
  `email` varchar(100) NOT NULL,
  `token` varchar(255) NOT NULL,
  `created_at` timestamp NULL DEFAULT NULL
) ENGINE=InnoDB DEFAULT CHARSET=utf8mb4 COLLATE=utf8mb4_unicode_ci;

-- --------------------------------------------------------

--
-- Table structure for table `payments`
--

CREATE TABLE `payments` (
  `id` int(10) UNSIGNED NOT NULL,
  `title` varchar(100) NOT NULL,
  `amount` int(11) NOT NULL,
  `ref_no` varchar(100) NOT NULL,
  `method` varchar(100) NOT NULL DEFAULT 'cash',
  `my_class_id` int(10) UNSIGNED DEFAULT NULL,
  `description` varchar(255) DEFAULT NULL,
  `year` varchar(255) NOT NULL,
  `created_at` timestamp NULL DEFAULT NULL,
  `updated_at` timestamp NULL DEFAULT NULL
) ENGINE=InnoDB DEFAULT CHARSET=utf8mb4 COLLATE=utf8mb4_unicode_ci;

--
-- Dumping data for table `payments`
--

INSERT INTO `payments` (`id`, `title`, `amount`, `ref_no`, `method`, `my_class_id`, `description`, `year`, `created_at`, `updated_at`) VALUES
(1, 'term 1', 900, '2024/881448', 'cash', NULL, 'Last pay date 10/02', '2024-2025', '2024-12-23 18:31:21', '2024-12-23 18:32:12');

-- --------------------------------------------------------

--
-- Table structure for table `payment_records`
--

CREATE TABLE `payment_records` (
  `id` int(10) UNSIGNED NOT NULL,
  `payment_id` int(10) UNSIGNED NOT NULL,
  `student_id` int(10) UNSIGNED NOT NULL,
  `ref_no` varchar(100) DEFAULT NULL,
  `amt_paid` int(11) DEFAULT NULL,
  `balance` int(11) DEFAULT NULL,
  `paid` tinyint(4) NOT NULL DEFAULT 0,
  `year` varchar(255) NOT NULL,
  `created_at` timestamp NULL DEFAULT NULL,
  `updated_at` timestamp NULL DEFAULT NULL
) ENGINE=InnoDB DEFAULT CHARSET=utf8mb4 COLLATE=utf8mb4_unicode_ci;

--
-- Dumping data for table `payment_records`
--

INSERT INTO `payment_records` (`id`, `payment_id`, `student_id`, `ref_no`, `amt_paid`, `balance`, `paid`, `year`, `created_at`, `updated_at`) VALUES
(1, 1, 18, '50760760', 900, 0, 1, '2024-2025', '2024-12-23 18:32:29', '2024-12-26 04:03:22'),
(2, 1, 20, '7062989', NULL, NULL, 0, '2024-2025', '2024-12-23 18:32:30', '2024-12-23 18:32:30'),
(3, 1, 21, '75878922', NULL, NULL, 0, '2024-2025', '2024-12-23 18:32:30', '2024-12-23 18:32:30'),
(4, 1, 22, '63216621', 900, 0, 1, '2024-2025', '2024-12-23 18:32:30', '2024-12-23 18:33:39'),
(5, 1, 23, '65610507', NULL, NULL, 0, '2024-2025', '2024-12-23 18:32:30', '2024-12-23 18:32:30'),
(6, 1, 24, '91356106', NULL, NULL, 0, '2024-2025', '2024-12-23 18:32:30', '2024-12-23 18:32:30'),
(11, 1, 49, '19263624', NULL, NULL, 0, '2024-2025', '2024-12-26 11:20:57', '2024-12-26 11:20:57'),
(12, 1, 50, '88526508', NULL, NULL, 0, '2024-2025', '2024-12-26 11:20:58', '2024-12-26 11:20:58'),
(13, 1, 51, '32289940', NULL, NULL, 0, '2024-2025', '2024-12-26 11:20:58', '2024-12-26 11:20:58'),
(14, 1, 57, '36849978', 900, 0, 1, '2024-2025', '2024-12-26 11:20:58', '2024-12-26 11:21:22');

-- --------------------------------------------------------

--
-- Table structure for table `pins`
--

CREATE TABLE `pins` (
  `id` int(10) UNSIGNED NOT NULL,
  `code` varchar(40) NOT NULL,
  `used` varchar(255) NOT NULL DEFAULT '0',
  `times_used` varchar(255) NOT NULL DEFAULT '0',
  `user_id` int(10) UNSIGNED DEFAULT NULL,
  `student_id` int(10) UNSIGNED DEFAULT NULL,
  `created_at` timestamp NULL DEFAULT NULL,
  `updated_at` timestamp NULL DEFAULT NULL
) ENGINE=InnoDB DEFAULT CHARSET=utf8mb4 COLLATE=utf8mb4_unicode_ci;

-- --------------------------------------------------------

--
-- Table structure for table `promotions`
--

CREATE TABLE `promotions` (
  `id` int(10) UNSIGNED NOT NULL,
  `student_id` int(10) UNSIGNED NOT NULL,
  `from_class` int(10) UNSIGNED NOT NULL,
  `from_section` int(10) UNSIGNED NOT NULL,
  `to_class` int(10) UNSIGNED NOT NULL,
  `to_section` int(10) UNSIGNED NOT NULL,
  `grad` tinyint(4) NOT NULL,
  `from_session` varchar(255) NOT NULL,
  `to_session` varchar(255) NOT NULL,
  `status` varchar(255) NOT NULL,
  `created_at` timestamp NULL DEFAULT NULL,
  `updated_at` timestamp NULL DEFAULT NULL
) ENGINE=InnoDB DEFAULT CHARSET=utf8mb4 COLLATE=utf8mb4_unicode_ci;

-- --------------------------------------------------------

--
-- Table structure for table `receipts`
--

CREATE TABLE `receipts` (
  `id` int(10) UNSIGNED NOT NULL,
  `pr_id` int(10) UNSIGNED NOT NULL,
  `amt_paid` int(11) NOT NULL,
  `balance` int(11) NOT NULL,
  `year` varchar(255) NOT NULL,
  `created_at` timestamp NULL DEFAULT NULL,
  `updated_at` timestamp NULL DEFAULT NULL
) ENGINE=InnoDB DEFAULT CHARSET=utf8mb4 COLLATE=utf8mb4_unicode_ci;

--
-- Dumping data for table `receipts`
--

INSERT INTO `receipts` (`id`, `pr_id`, `amt_paid`, `balance`, `year`, `created_at`, `updated_at`) VALUES
(1, 4, 450, 450, '2024-2025', '2024-12-23 18:33:07', '2024-12-23 18:33:07'),
(2, 4, 450, 0, '2024-2025', '2024-12-23 18:33:39', '2024-12-23 18:33:39'),
(3, 1, 900, 0, '2024-2025', '2024-12-26 04:03:22', '2024-12-26 04:03:22'),
(4, 14, 900, 0, '2024-2025', '2024-12-26 11:21:22', '2024-12-26 11:21:22');

-- --------------------------------------------------------

--
-- Table structure for table `sections`
--

CREATE TABLE `sections` (
  `id` int(10) UNSIGNED NOT NULL,
  `name` varchar(100) NOT NULL,
  `my_class_id` int(10) UNSIGNED NOT NULL,
  `teacher_id` int(10) UNSIGNED DEFAULT NULL,
  `active` tinyint(4) NOT NULL DEFAULT 0,
  `created_at` timestamp NULL DEFAULT NULL,
  `updated_at` timestamp NULL DEFAULT NULL
) ENGINE=InnoDB DEFAULT CHARSET=utf8mb4 COLLATE=utf8mb4_unicode_ci;

--
-- Dumping data for table `sections`
--

INSERT INTO `sections` (`id`, `name`, `my_class_id`, `teacher_id`, `active`, `created_at`, `updated_at`) VALUES
(1, 'Gold', 1, 55, 1, NULL, '2024-12-26 04:06:40'),
(2, 'Diamond', 1, NULL, 0, NULL, NULL),
(3, 'Silver', 2, NULL, 1, NULL, NULL),
(4, 'Lemon', 2, NULL, 0, NULL, NULL),
(5, 'Bronze', 3, NULL, 1, NULL, NULL),
(6, 'Silver', 4, NULL, 1, NULL, NULL),
(7, 'Diamond', 5, NULL, 1, NULL, NULL),
(8, 'Blue', 6, NULL, 1, NULL, NULL),
(9, 'A', 7, NULL, 1, NULL, NULL),
(10, 'A', 8, NULL, 1, NULL, NULL),
(11, 'A', 9, NULL, 1, NULL, NULL),
(12, 'A', 10, NULL, 1, NULL, NULL);

-- --------------------------------------------------------

--
-- Table structure for table `sessions`
--

CREATE TABLE `sessions` (
  `id` varchar(255) NOT NULL,
  `user_id` int(10) UNSIGNED DEFAULT NULL,
  `ip_address` varchar(45) DEFAULT NULL,
  `user_agent` text DEFAULT NULL,
  `payload` longtext NOT NULL,
  `last_activity` int(11) NOT NULL
) ENGINE=InnoDB DEFAULT CHARSET=utf8mb4 COLLATE=utf8mb4_unicode_ci;

--
-- Dumping data for table `sessions`
--

INSERT INTO `sessions` (`id`, `user_id`, `ip_address`, `user_agent`, `payload`, `last_activity`) VALUES
('iLlGdz6BZF1b3e2b0PGCtomVetLotsR5nvtC9s8G', 1, '127.0.0.1', 'Mozilla/5.0 (Windows NT 10.0; Win64; x64) AppleWebKit/537.36 (KHTML, like Gecko) Chrome/123.0.0.0 Safari/537.36', 'YTo2OntzOjY6Il90b2tlbiI7czo0MDoiSEZoa3pKcDlFU240c3MzNnF2TmxwOURXY2xCQkZweXRiSkpPb1BsVyI7czozOiJ1cmwiO2E6MDp7fXM6OToiX3ByZXZpb3VzIjthOjE6e3M6MzoidXJsIjtzOjMyOiJodHRwOi8vMTI3LjAuMC4xOjgwMDAvbXlfYWNjb3VudCI7fXM6NjoiX2ZsYXNoIjthOjI6e3M6Mzoib2xkIjthOjA6e31zOjM6Im5ldyI7YTowOnt9fXM6NTA6ImxvZ2luX3dlYl81OWJhMzZhZGRjMmIyZjk0MDE1ODBmMDE0YzdmNThlYTRlMzA5ODlkIjtpOjE7czo0OiJhdXRoIjthOjE6e3M6MjE6InBhc3N3b3JkX2NvbmZpcm1lZF9hdCI7aToxNzM2OTAxMjM3O319', 1736901363),
('sQO5pRhVKvxbcC4qn9eczzw4gvaW9k63nLFWuCuJ', 1, '127.0.0.1', 'Mozilla/5.0 (Windows NT 10.0; Win64; x64) AppleWebKit/537.36 (KHTML, like Gecko) Chrome/123.0.0.0 Safari/537.36', 'YTo3OntzOjY6Il90b2tlbiI7czo0MDoiZGdUcFVRYUZBUkpyRGV2bE1tNUlwS1M3SU5rWlhkVFF6NkpnbUZMYiI7czozOiJ1cmwiO2E6MDp7fXM6OToiX3ByZXZpb3VzIjthOjE6e3M6MzoidXJsIjtzOjM3OiJodHRwOi8vMTI3LjAuMC4xOjgwMDAvbWFya3MvYnVsay85LzExIjt9czo2OiJfZmxhc2giO2E6Mjp7czozOiJvbGQiO2E6MDp7fXM6MzoibmV3IjthOjA6e319czo1MDoibG9naW5fd2ViXzU5YmEzNmFkZGMyYjJmOTQwMTU4MGYwMTRjN2Y1OGVhNGUzMDk4OWQiO2k6MTtzOjQ6ImF1dGgiO2E6MTp7czoyMToicGFzc3dvcmRfY29uZmlybWVkX2F0IjtpOjE3MzY3NTIzOTA7fXM6NjoibG9jYWxlIjtzOjI6ImVuIjt9', 1736753641),
('v3Y0x2PxDCPUxc9ZSJHUycvnUWGhgSWI34nlNKYc', 1, '127.0.0.1', 'Mozilla/5.0 (Windows NT 10.0; Win64; x64) AppleWebKit/537.36 (KHTML, like Gecko) Chrome/123.0.0.0 Safari/537.36', 'YTo2OntzOjY6Il90b2tlbiI7czo0MDoidDRiNHBnUjg5RmxReXY1UlFTc3Vma3plTXRKS2w5bWRSa0kwaE1XZCI7czozOiJ1cmwiO2E6MDp7fXM6OToiX3ByZXZpb3VzIjthOjE6e3M6MzoidXJsIjtzOjYwOiJodHRwOi8vMTI3LjAuMC4xOjgwMDAvbWFya3MvcHJpbnQvbWt3djdid2FKVkEzWlgvMy8yMDI0LTIwMjUiO31zOjY6Il9mbGFzaCI7YToyOntzOjM6Im9sZCI7YTowOnt9czozOiJuZXciO2E6MDp7fX1zOjUwOiJsb2dpbl93ZWJfNTliYTM2YWRkYzJiMmY5NDAxNTgwZjAxNGM3ZjU4ZWE0ZTMwOTg5ZCI7aToxO3M6NDoiYXV0aCI7YToxOntzOjIxOiJwYXNzd29yZF9jb25maXJtZWRfYXQiO2k6MTczNjc5NDY2NTt9fQ==', 1736797622);

-- --------------------------------------------------------

--
-- Table structure for table `settings`
--

CREATE TABLE `settings` (
  `id` int(10) UNSIGNED NOT NULL,
  `type` varchar(255) NOT NULL,
  `description` varchar(255) DEFAULT NULL,
  `created_at` timestamp NULL DEFAULT NULL,
  `updated_at` timestamp NULL DEFAULT NULL
) ENGINE=InnoDB DEFAULT CHARSET=utf8mb4 COLLATE=utf8mb4_unicode_ci;

--
-- Dumping data for table `settings`
--

INSERT INTO `settings` (`id`, `type`, `description`, `created_at`, `updated_at`) VALUES
(1, 'current_session', '2024-2025', NULL, '2024-12-27 02:45:35'),
(2, 'system_title', 'Smart', NULL, '2024-12-27 02:45:35'),
(3, 'system_name', 'Smart ACADEMY', NULL, '2024-12-27 02:45:35'),
(4, 'term_ends', '01/01/2024', NULL, '2024-12-27 02:45:35'),
(5, 'term_begins', '01/01/2025', NULL, '2024-12-27 02:45:36'),
(6, 'phone', '0123456789', NULL, '2024-12-27 02:45:35'),
(7, 'address', 'Sudan, Khartoum', NULL, '2024-12-27 02:45:35'),
(8, 'system_email', 'cjacademy@cj.com', NULL, '2024-12-27 02:45:35'),
(9, 'alt_email', '', NULL, NULL),
(10, 'email_host', '', NULL, NULL),
(11, 'email_pass', '', NULL, NULL),
(12, 'lock_exam', '0', NULL, '2024-12-27 02:45:36'),
(13, 'logo', 'http://127.0.0.1:8000/storage/uploads//logo.png', NULL, '2024-12-27 02:45:37'),
(16, 'next_term_fees_pri', '25000', NULL, '2024-12-27 02:45:36'),
(18, 'next_term_fees_sec', '15600', NULL, '2024-12-27 02:45:36');

-- --------------------------------------------------------

--
-- Table structure for table `skills`
--

CREATE TABLE `skills` (
  `id` int(10) UNSIGNED NOT NULL,
  `name` varchar(255) NOT NULL,
  `skill_type` varchar(255) NOT NULL,
  `class_type` varchar(255) DEFAULT NULL,
  `created_at` timestamp NULL DEFAULT NULL,
  `updated_at` timestamp NULL DEFAULT NULL
) ENGINE=InnoDB DEFAULT CHARSET=utf8mb4 COLLATE=utf8mb4_unicode_ci;

--
-- Dumping data for table `skills`
--

INSERT INTO `skills` (`id`, `name`, `skill_type`, `class_type`, `created_at`, `updated_at`) VALUES
(1, 'PUNCTUALITY', 'AF', NULL, NULL, NULL),
(2, 'NEATNESS', 'AF', NULL, NULL, NULL),
(3, 'HONESTY', 'AF', NULL, NULL, NULL),
(4, 'RELIABILITY', 'AF', NULL, NULL, NULL),
(5, 'RELATIONSHIP WITH OTHERS', 'AF', NULL, NULL, NULL),
(6, 'POLITENESS', 'AF', NULL, NULL, NULL),
(7, 'ALERTNESS', 'AF', NULL, NULL, NULL),
(8, 'HANDWRITING', 'PS', NULL, NULL, NULL),
(9, 'GAMES & SPORTS', 'PS', NULL, NULL, NULL),
(10, 'DRAWING & ARTS', 'PS', NULL, NULL, NULL),
(11, 'PAINTING', 'PS', NULL, NULL, NULL),
(12, 'CONSTRUCTION', 'PS', NULL, NULL, NULL),
(13, 'MUSICAL SKILLS', 'PS', NULL, NULL, NULL),
(14, 'FLEXIBILITY', 'PS', NULL, NULL, NULL);

-- --------------------------------------------------------

--
-- Table structure for table `staff_records`
--

CREATE TABLE `staff_records` (
  `id` int(10) UNSIGNED NOT NULL,
  `user_id` int(10) UNSIGNED NOT NULL,
  `code` varchar(100) DEFAULT NULL,
  `emp_date` varchar(255) DEFAULT NULL,
  `created_at` timestamp NULL DEFAULT NULL,
  `updated_at` timestamp NULL DEFAULT NULL
) ENGINE=InnoDB DEFAULT CHARSET=utf8mb4 COLLATE=utf8mb4_unicode_ci;

--
-- Dumping data for table `staff_records`
--

INSERT INTO `staff_records` (`id`, `user_id`, `code`, `emp_date`, `created_at`, `updated_at`) VALUES
(1, 55, 'Smart/STAFF/2024/12/8936', '12/23/2024', '2024-12-22 21:49:20', '2024-12-22 21:49:20');

-- --------------------------------------------------------

--
-- Table structure for table `states`
--

CREATE TABLE `states` (
  `id` int(10) UNSIGNED NOT NULL,
  `name` varchar(255) NOT NULL,
  `created_at` timestamp NULL DEFAULT NULL,
  `updated_at` timestamp NULL DEFAULT NULL
) ENGINE=InnoDB DEFAULT CHARSET=utf8mb4 COLLATE=utf8mb4_unicode_ci;

--
-- Dumping data for table `states`
--

INSERT INTO `states` (`id`, `name`, `created_at`, `updated_at`) VALUES
(1, 'Abia', '2024-12-19 21:14:40', '2024-12-19 21:14:40'),
(2, 'Adamawa', '2024-12-19 21:14:40', '2024-12-19 21:14:40'),
(3, 'Akwa Ibom', '2024-12-19 21:14:40', '2024-12-19 21:14:40'),
(4, 'Anambra', '2024-12-19 21:14:40', '2024-12-19 21:14:40'),
(5, 'Bauchi', '2024-12-19 21:14:40', '2024-12-19 21:14:40'),
(6, 'Bayelsa', '2024-12-19 21:14:40', '2024-12-19 21:14:40'),
(7, 'Benue', '2024-12-19 21:14:40', '2024-12-19 21:14:40'),
(8, 'Borno', '2024-12-19 21:14:40', '2024-12-19 21:14:40'),
(9, 'Cross River', '2024-12-19 21:14:40', '2024-12-19 21:14:40'),
(10, 'Delta', '2024-12-19 21:14:40', '2024-12-19 21:14:40'),
(11, 'Ebonyi', '2024-12-19 21:14:40', '2024-12-19 21:14:40'),
(12, 'Edo', '2024-12-19 21:14:40', '2024-12-19 21:14:40'),
(13, 'Ekiti', '2024-12-19 21:14:40', '2024-12-19 21:14:40'),
(14, 'Enugu', '2024-12-19 21:14:40', '2024-12-19 21:14:40'),
(15, 'FCT', '2024-12-19 21:14:41', '2024-12-19 21:14:41'),
(16, 'Gombe', '2024-12-19 21:14:41', '2024-12-19 21:14:41'),
(17, 'Imo', '2024-12-19 21:14:41', '2024-12-19 21:14:41'),
(18, 'Jigawa', '2024-12-19 21:14:41', '2024-12-19 21:14:41'),
(19, 'Kaduna', '2024-12-19 21:14:41', '2024-12-19 21:14:41'),
(20, 'Kano', '2024-12-19 21:14:41', '2024-12-19 21:14:41'),
(21, 'Katsina', '2024-12-19 21:14:41', '2024-12-19 21:14:41'),
(22, 'Kebbi', '2024-12-19 21:14:41', '2024-12-19 21:14:41'),
(23, 'Kogi', '2024-12-19 21:14:41', '2024-12-19 21:14:41'),
(24, 'Kwara', '2024-12-19 21:14:41', '2024-12-19 21:14:41'),
(25, 'Lagos', '2024-12-19 21:14:41', '2024-12-19 21:14:41'),
(26, 'Nasarawa', '2024-12-19 21:14:41', '2024-12-19 21:14:41'),
(27, 'Niger', '2024-12-19 21:14:41', '2024-12-19 21:14:41'),
(28, 'Ogun', '2024-12-19 21:14:41', '2024-12-19 21:14:41'),
(29, 'Ondo', '2024-12-19 21:14:41', '2024-12-19 21:14:41'),
(30, 'Osun', '2024-12-19 21:14:41', '2024-12-19 21:14:41'),
(31, 'Oyo', '2024-12-19 21:14:42', '2024-12-19 21:14:42'),
(32, 'Plateau', '2024-12-19 21:14:42', '2024-12-19 21:14:42'),
(33, 'Rivers', '2024-12-19 21:14:42', '2024-12-19 21:14:42'),
(34, 'Sokoto', '2024-12-19 21:14:42', '2024-12-19 21:14:42'),
(35, 'Taraba', '2024-12-19 21:14:42', '2024-12-19 21:14:42'),
(36, 'Yobe', '2024-12-19 21:14:42', '2024-12-19 21:14:42'),
(37, 'Zamfara', '2024-12-19 21:14:42', '2024-12-19 21:14:42'),
(50, 'Sudan', NULL, NULL);

-- --------------------------------------------------------

--
-- Table structure for table `student_attendances`
--

CREATE TABLE `student_attendances` (
  `id` bigint(20) UNSIGNED NOT NULL,
  `student_id` int(10) UNSIGNED NOT NULL,
  `class_id` int(10) UNSIGNED NOT NULL,
  `section_id` int(10) UNSIGNED NOT NULL,
  `date` date NOT NULL,
  `status` enum('present','absent','late') NOT NULL,
  `time_in` time NOT NULL,
  `time_out` time DEFAULT NULL,
  `remark` varchar(255) DEFAULT NULL,
  `created_by` int(10) UNSIGNED NOT NULL,
  `created_at` timestamp NOT NULL DEFAULT current_timestamp(),
  `updated_at` timestamp NOT NULL DEFAULT current_timestamp() ON UPDATE current_timestamp()
) ENGINE=InnoDB DEFAULT CHARSET=utf8mb4 COLLATE=utf8mb4_unicode_ci;

--
-- Dumping data for table `student_attendances`
--

INSERT INTO `student_attendances` (`id`, `student_id`, `class_id`, `section_id`, `date`, `status`, `time_in`, `time_out`, `remark`, `created_by`, `created_at`, `updated_at`) VALUES
(1, 32, 9, 11, '2024-12-30', 'present', '05:24:00', NULL, NULL, 1, '2024-12-30 07:10:56', '2024-12-30 07:10:56'),
(2, 33, 9, 11, '2024-12-30', 'present', '14:21:00', NULL, NULL, 1, '2024-12-30 07:10:56', '2024-12-30 07:10:56'),
(3, 34, 9, 11, '2024-12-30', 'present', '00:21:00', NULL, NULL, 1, '2024-12-30 07:10:56', '2024-12-30 07:10:56'),
(4, 38, 9, 11, '2024-12-30', 'present', '17:55:00', NULL, NULL, 1, '2024-12-30 07:10:57', '2024-12-30 07:10:57'),
(5, 1, 1, 1, '2024-12-30', 'present', '08:00:00', '14:00:00', NULL, 1, '2024-12-30 07:39:15', '2024-12-30 07:39:15'),
(6, 3, 1, 1, '2024-12-30', 'present', '08:00:00', '14:00:00', NULL, 1, '2024-12-30 07:39:15', '2024-12-30 07:39:15'),
(7, 4, 1, 1, '2024-12-30', 'present', '08:00:00', '14:00:00', NULL, 1, '2024-12-30 07:39:16', '2024-12-30 07:39:16');

-- --------------------------------------------------------

--
-- Table structure for table `student_records`
--

CREATE TABLE `student_records` (
  `id` int(10) UNSIGNED NOT NULL,
  `user_id` int(10) UNSIGNED NOT NULL,
  `my_class_id` int(10) UNSIGNED NOT NULL,
  `section_id` int(10) UNSIGNED NOT NULL,
  `adm_no` varchar(30) DEFAULT NULL,
  `my_parent_id` int(10) UNSIGNED DEFAULT NULL,
  `dorm_id` int(10) UNSIGNED DEFAULT NULL,
  `dorm_room_no` varchar(255) DEFAULT NULL,
  `session` varchar(255) NOT NULL,
  `house` varchar(255) DEFAULT NULL,
  `age` tinyint(4) DEFAULT NULL,
  `year_admitted` varchar(255) DEFAULT NULL,
  `grad` tinyint(4) NOT NULL DEFAULT 0,
  `grad_date` varchar(255) DEFAULT NULL,
  `created_at` timestamp NULL DEFAULT NULL,
  `updated_at` timestamp NULL DEFAULT NULL
) ENGINE=InnoDB DEFAULT CHARSET=utf8mb4 COLLATE=utf8mb4_unicode_ci;

--
-- Dumping data for table `student_records`
--

INSERT INTO `student_records` (`id`, `user_id`, `my_class_id`, `section_id`, `adm_no`, `my_parent_id`, `dorm_id`, `dorm_room_no`, `session`, `house`, `age`, `year_admitted`, `grad`, `grad_date`, `created_at`, `updated_at`) VALUES
(1, 18, 1, 1, NULL, NULL, NULL, NULL, '2018-2019', NULL, NULL, NULL, 0, NULL, '2024-12-19 21:15:28', '2024-12-19 21:15:28'),
(3, 20, 1, 1, NULL, NULL, NULL, NULL, '2018-2019', NULL, NULL, NULL, 0, NULL, '2024-12-19 21:15:29', '2024-12-19 21:15:29'),
(4, 21, 1, 1, NULL, NULL, NULL, NULL, '2018-2019', NULL, NULL, NULL, 0, NULL, '2024-12-19 21:15:29', '2024-12-19 21:15:29'),
(5, 22, 1, 2, NULL, NULL, NULL, NULL, '2018-2019', NULL, NULL, NULL, 0, NULL, '2024-12-19 21:15:30', '2024-12-19 21:15:30'),
(6, 23, 1, 2, NULL, NULL, NULL, NULL, '2018-2019', NULL, NULL, NULL, 0, NULL, '2024-12-19 21:15:30', '2024-12-19 21:15:30'),
(7, 24, 1, 2, NULL, NULL, NULL, NULL, '2018-2019', NULL, NULL, NULL, 0, NULL, '2024-12-19 21:15:30', '2024-12-19 21:15:30'),
(8, 25, 2, 3, NULL, NULL, NULL, NULL, '2018-2019', NULL, NULL, NULL, 0, NULL, '2024-12-19 21:15:31', '2024-12-19 21:15:31'),
(9, 26, 2, 3, NULL, NULL, NULL, NULL, '2018-2019', NULL, NULL, NULL, 0, NULL, '2024-12-19 21:15:31', '2024-12-19 21:15:31'),
(10, 27, 2, 3, NULL, NULL, NULL, NULL, '2018-2019', NULL, NULL, NULL, 0, NULL, '2024-12-19 21:15:31', '2024-12-19 21:15:31'),
(11, 28, 2, 4, NULL, NULL, NULL, NULL, '2018-2019', NULL, NULL, NULL, 0, NULL, '2024-12-19 21:15:32', '2024-12-19 21:15:32'),
(12, 29, 2, 4, NULL, NULL, NULL, NULL, '2018-2019', NULL, NULL, NULL, 0, NULL, '2024-12-19 21:15:32', '2024-12-19 21:15:32'),
(13, 30, 2, 4, NULL, NULL, NULL, NULL, '2018-2019', NULL, NULL, NULL, 0, NULL, '2024-12-19 21:15:32', '2024-12-19 21:15:32'),
(14, 31, 3, 5, NULL, NULL, NULL, NULL, '2018-2019', NULL, NULL, NULL, 0, NULL, '2024-12-19 21:15:32', '2024-12-19 21:15:32'),
(15, 32, 3, 5, NULL, NULL, NULL, NULL, '2018-2019', NULL, NULL, NULL, 0, NULL, '2024-12-19 21:15:32', '2024-12-19 21:15:32'),
(16, 33, 3, 5, NULL, NULL, NULL, NULL, '2018-2019', NULL, NULL, NULL, 0, NULL, '2024-12-19 21:15:33', '2024-12-19 21:15:33'),
(17, 34, 4, 6, NULL, NULL, NULL, NULL, '2018-2019', NULL, NULL, NULL, 0, NULL, '2024-12-19 21:15:33', '2024-12-19 21:15:33'),
(18, 35, 4, 6, NULL, NULL, NULL, NULL, '2018-2019', NULL, NULL, NULL, 0, NULL, '2024-12-19 21:15:33', '2024-12-19 21:15:33'),
(19, 36, 4, 6, NULL, NULL, NULL, NULL, '2018-2019', NULL, NULL, NULL, 0, NULL, '2024-12-19 21:15:33', '2024-12-19 21:15:33'),
(20, 37, 5, 7, NULL, NULL, NULL, NULL, '2018-2019', NULL, NULL, NULL, 0, NULL, '2024-12-19 21:15:34', '2024-12-19 21:15:34'),
(21, 38, 5, 7, NULL, NULL, NULL, NULL, '2018-2019', NULL, NULL, NULL, 0, NULL, '2024-12-19 21:15:34', '2024-12-19 21:15:34'),
(22, 39, 5, 7, NULL, NULL, NULL, NULL, '2018-2019', NULL, NULL, NULL, 0, NULL, '2024-12-19 21:15:34', '2024-12-19 21:15:34'),
(23, 40, 6, 8, NULL, NULL, NULL, NULL, '2018-2019', NULL, NULL, NULL, 0, NULL, '2024-12-19 21:15:35', '2024-12-19 21:15:35'),
(24, 41, 6, 8, NULL, NULL, NULL, NULL, '2018-2019', NULL, NULL, NULL, 0, NULL, '2024-12-19 21:15:35', '2024-12-19 21:15:35'),
(25, 42, 6, 8, NULL, NULL, NULL, NULL, '2018-2019', NULL, NULL, NULL, 0, NULL, '2024-12-19 21:15:35', '2024-12-19 21:15:35'),
(26, 43, 7, 9, NULL, NULL, NULL, NULL, '2018-2019', NULL, NULL, NULL, 0, NULL, '2024-12-19 21:15:36', '2024-12-19 21:15:36'),
(27, 44, 7, 9, NULL, NULL, NULL, NULL, '2018-2019', NULL, NULL, NULL, 0, NULL, '2024-12-19 21:15:36', '2024-12-19 21:15:36'),
(28, 45, 7, 9, NULL, NULL, NULL, NULL, '2018-2019', NULL, NULL, NULL, 0, NULL, '2024-12-19 21:15:36', '2024-12-19 21:15:36'),
(29, 46, 8, 10, NULL, NULL, NULL, NULL, '2018-2019', NULL, NULL, NULL, 0, NULL, '2024-12-19 21:15:36', '2024-12-19 21:15:36'),
(30, 47, 8, 10, NULL, NULL, NULL, NULL, '2018-2019', NULL, NULL, NULL, 0, NULL, '2024-12-19 21:15:36', '2024-12-19 21:15:36'),
(31, 48, 8, 10, NULL, NULL, NULL, NULL, '2018-2019', NULL, NULL, NULL, 0, NULL, '2024-12-19 21:15:36', '2024-12-19 21:15:36'),
(32, 49, 9, 11, NULL, NULL, NULL, NULL, '2018-2019', NULL, NULL, NULL, 0, NULL, '2024-12-19 21:15:37', '2024-12-19 21:15:37'),
(33, 50, 9, 11, NULL, NULL, NULL, NULL, '2018-2019', NULL, NULL, NULL, 0, NULL, '2024-12-19 21:15:37', '2024-12-19 21:15:37'),
(34, 51, 9, 11, NULL, NULL, NULL, NULL, '2018-2019', NULL, NULL, NULL, 0, NULL, '2024-12-19 21:15:37', '2024-12-19 21:15:37'),
(35, 52, 10, 12, NULL, NULL, NULL, NULL, '2018-2019', NULL, NULL, NULL, 0, NULL, '2024-12-19 21:15:38', '2024-12-19 21:15:38'),
(36, 53, 10, 12, NULL, NULL, NULL, NULL, '2018-2019', NULL, NULL, NULL, 0, NULL, '2024-12-19 21:15:38', '2024-12-19 21:15:38'),
(37, 54, 10, 12, NULL, NULL, NULL, NULL, '2018-2019', NULL, NULL, NULL, 0, NULL, '2024-12-19 21:15:38', '2024-12-19 21:15:38'),
(38, 57, 9, 11, 'SMART/SEC/2024/542', 9, 1, '1', '2024-2025', '1', NULL, '2024', 0, NULL, '2024-12-26 10:42:55', '2024-12-26 13:44:35');

-- --------------------------------------------------------

--
-- Table structure for table `subjects`
--

CREATE TABLE `subjects` (
  `id` int(10) UNSIGNED NOT NULL,
  `name` varchar(100) NOT NULL,
  `slug` varchar(100) NOT NULL,
  `my_class_id` int(10) UNSIGNED NOT NULL,
  `teacher_id` int(10) UNSIGNED NOT NULL,
  `created_at` timestamp NULL DEFAULT NULL,
  `updated_at` timestamp NULL DEFAULT NULL
) ENGINE=InnoDB DEFAULT CHARSET=utf8mb4 COLLATE=utf8mb4_unicode_ci;

--
-- Dumping data for table `subjects`
--

INSERT INTO `subjects` (`id`, `name`, `slug`, `my_class_id`, `teacher_id`, `created_at`, `updated_at`) VALUES
(1, 'Mathematics', 'mathematics', 9, 55, '2024-12-26 09:35:45', '2024-12-26 09:35:45'),
(2, 'English Language', 'english-language', 1, 11, '2024-12-26 09:35:45', '2024-12-26 09:35:45'),
(3, 'Physics', 'physics', 9, 55, '2024-12-26 09:35:45', '2024-12-26 09:35:45'),
(4, 'Chemistry', 'chemistry', 9, 55, '2024-12-26 09:35:45', '2024-12-26 09:35:45'),
(5, 'Biology', 'biology', 9, 55, '2024-12-26 09:35:45', '2024-12-26 09:35:45'),
(6, 'History', 'history', 9, 55, '2024-12-26 09:35:45', '2024-12-26 09:35:45'),
(7, 'Geography', 'geography', 9, 55, '2024-12-26 09:35:45', '2024-12-26 09:35:45'),
(8, 'Computer Science', 'computer-science', 9, 55, '2024-12-26 09:35:45', '2024-12-26 09:35:45'),
(9, 'Economics', 'economics', 9, 55, '2024-12-26 09:35:45', '2024-12-26 09:35:45'),
(10, 'Literature', 'literature', 9, 55, '2024-12-26 09:35:45', '2024-12-26 09:35:45'),
(19, 'English Language', 'Eng', 10, 55, NULL, NULL),
(20, 'Mathematics', 'Math', 10, 55, NULL, NULL),
(21, 'Arabic', 'Arabic', 1, 55, '2024-12-22 21:27:23', '2024-12-22 21:27:23'),
(22, 'Quran', 'Quran', 1, 55, '2024-12-22 21:28:27', '2024-12-22 21:28:27'),
(23, 'test', 'test', 1, 55, '2024-12-23 23:56:14', '2024-12-23 23:56:14');

-- --------------------------------------------------------

--
-- Table structure for table `teacher_attendances`
--

CREATE TABLE `teacher_attendances` (
  `id` bigint(20) UNSIGNED NOT NULL,
  `teacher_id` int(10) UNSIGNED NOT NULL,
  `date` date NOT NULL,
  `status` enum('present','absent','late') NOT NULL,
  `time_in` time NOT NULL,
  `time_out` time DEFAULT NULL,
  `remark` varchar(255) DEFAULT NULL,
  `created_by` int(10) UNSIGNED NOT NULL,
  `created_at` timestamp NOT NULL DEFAULT current_timestamp(),
  `updated_at` timestamp NOT NULL DEFAULT current_timestamp() ON UPDATE current_timestamp()
) ENGINE=InnoDB DEFAULT CHARSET=utf8mb4 COLLATE=utf8mb4_unicode_ci;

--
-- Dumping data for table `teacher_attendances`
--

INSERT INTO `teacher_attendances` (`id`, `teacher_id`, `date`, `status`, `time_in`, `time_out`, `remark`, `created_by`, `created_at`, `updated_at`) VALUES
(1, 1, '2024-12-31', 'present', '08:00:00', '14:00:00', NULL, 1, '2024-12-31 08:08:56', '2024-12-31 08:08:56');

-- --------------------------------------------------------

--
-- Table structure for table `time_slots`
--

CREATE TABLE `time_slots` (
  `id` int(10) UNSIGNED NOT NULL,
  `ttr_id` int(10) UNSIGNED NOT NULL,
  `hour_from` tinyint(4) NOT NULL,
  `min_from` varchar(2) NOT NULL,
  `meridian_from` varchar(2) NOT NULL,
  `hour_to` tinyint(4) NOT NULL,
  `min_to` varchar(2) NOT NULL,
  `meridian_to` varchar(2) NOT NULL,
  `time_from` varchar(100) NOT NULL,
  `time_to` varchar(100) NOT NULL,
  `timestamp_from` varchar(50) NOT NULL,
  `timestamp_to` varchar(50) NOT NULL,
  `full` varchar(100) NOT NULL,
  `created_at` timestamp NULL DEFAULT NULL,
  `updated_at` timestamp NULL DEFAULT NULL
) ENGINE=InnoDB DEFAULT CHARSET=utf8mb4 COLLATE=utf8mb4_unicode_ci;

--
-- Dumping data for table `time_slots`
--

INSERT INTO `time_slots` (`id`, `ttr_id`, `hour_from`, `min_from`, `meridian_from`, `hour_to`, `min_to`, `meridian_to`, `time_from`, `time_to`, `timestamp_from`, `timestamp_to`, `full`, `created_at`, `updated_at`) VALUES
(3, 3, 8, '00', 'AM', 9, '00', 'AM', '8:00 AM', '9:00 AM', '1735200000', '1735203600', '8:00 AM - 9:00 AM', '2024-12-26 07:41:09', '2024-12-26 07:41:09'),
(4, 3, 10, '00', 'AM', 11, '00', 'AM', '10:00 AM', '11:00 AM', '1735207200', '1735210800', '10:00 AM - 11:00 AM', '2024-12-26 07:42:35', '2024-12-26 07:42:35'),
(5, 4, 1, '00', 'AM', 3, '25', 'AM', '1:00 AM', '3:25 AM', '1735347600', '1735356300', '1:00 AM - 3:25 AM', '2024-12-28 15:45:43', '2024-12-28 15:45:43');

-- --------------------------------------------------------

--
-- Table structure for table `time_tables`
--

CREATE TABLE `time_tables` (
  `id` int(10) UNSIGNED NOT NULL,
  `ttr_id` int(10) UNSIGNED NOT NULL,
  `ts_id` int(10) UNSIGNED NOT NULL,
  `subject_id` int(10) UNSIGNED DEFAULT NULL,
  `exam_date` varchar(50) DEFAULT NULL,
  `timestamp_from` varchar(100) NOT NULL,
  `timestamp_to` varchar(100) NOT NULL,
  `day` varchar(50) DEFAULT NULL,
  `day_num` tinyint(4) DEFAULT NULL,
  `created_at` timestamp NULL DEFAULT NULL,
  `updated_at` timestamp NULL DEFAULT NULL
) ENGINE=InnoDB DEFAULT CHARSET=utf8mb4 COLLATE=utf8mb4_unicode_ci;

--
-- Dumping data for table `time_tables`
--

INSERT INTO `time_tables` (`id`, `ttr_id`, `ts_id`, `subject_id`, `exam_date`, `timestamp_from`, `timestamp_to`, `day`, `day_num`, `created_at`, `updated_at`) VALUES
(6, 3, 3, 1, '12/01/2024', '1733040000', '1733043600', NULL, NULL, '2024-12-26 07:41:35', '2024-12-26 07:41:58'),
(7, 3, 4, 3, '12/01/2024', '1733047200', '1733050800', NULL, NULL, '2024-12-26 07:43:00', '2024-12-26 07:43:00'),
(8, 3, 3, 4, '12/02/2024', '1733126400', '1733130000', NULL, NULL, '2024-12-26 07:43:11', '2024-12-26 07:43:11'),
(9, 3, 4, 5, '12/02/2024', '1733133600', '1733137200', NULL, NULL, '2024-12-26 07:43:21', '2024-12-26 07:43:21'),
(10, 3, 3, 6, '12/03/2024', '1733212800', '1733216400', NULL, NULL, '2024-12-26 07:43:48', '2024-12-26 07:43:48'),
(11, 3, 4, 7, '12/03/2024', '1733220000', '1733223600', NULL, NULL, '2024-12-26 07:44:02', '2024-12-26 07:44:02'),
(12, 4, 5, 20, '12/27/2024', '1735261200', '1735269900', NULL, NULL, '2024-12-28 15:45:57', '2024-12-28 15:45:57');

-- --------------------------------------------------------

--
-- Table structure for table `time_table_records`
--

CREATE TABLE `time_table_records` (
  `id` int(10) UNSIGNED NOT NULL,
  `name` varchar(100) NOT NULL,
  `my_class_id` int(10) UNSIGNED NOT NULL,
  `exam_id` int(10) UNSIGNED DEFAULT NULL,
  `year` varchar(100) NOT NULL,
  `created_at` timestamp NULL DEFAULT NULL,
  `updated_at` timestamp NULL DEFAULT NULL
) ENGINE=InnoDB DEFAULT CHARSET=utf8mb4 COLLATE=utf8mb4_unicode_ci;

--
-- Dumping data for table `time_table_records`
--

INSERT INTO `time_table_records` (`id`, `name`, `my_class_id`, `exam_id`, `year`, `created_at`, `updated_at`) VALUES
(3, 'Exam 1', 9, 3, '2024-2025', '2024-12-26 07:39:30', '2024-12-26 07:39:30'),
(4, 'finals', 10, 3, '2024-2025', '2024-12-28 15:44:39', '2024-12-28 15:44:39');

-- --------------------------------------------------------

--
-- Table structure for table `users`
--

CREATE TABLE `users` (
  `id` int(10) UNSIGNED NOT NULL,
  `name` varchar(255) NOT NULL,
  `email` varchar(100) DEFAULT NULL,
  `code` varchar(100) NOT NULL,
  `username` varchar(100) DEFAULT NULL,
  `user_type` varchar(255) NOT NULL,
  `dob` varchar(255) DEFAULT NULL,
  `gender` varchar(255) DEFAULT NULL,
  `photo` varchar(255) NOT NULL DEFAULT 'http://localhost/global_assets/images/user.png',
  `phone` varchar(255) DEFAULT NULL,
  `phone2` varchar(255) DEFAULT NULL,
  `bg_id` int(10) UNSIGNED DEFAULT NULL,
  `state_id` int(10) UNSIGNED DEFAULT NULL,
  `lga_id` int(10) UNSIGNED DEFAULT NULL,
  `nal_id` int(10) UNSIGNED DEFAULT NULL,
  `address` varchar(255) DEFAULT NULL,
  `email_verified_at` timestamp NULL DEFAULT NULL,
  `password` varchar(255) NOT NULL,
  `remember_token` varchar(100) DEFAULT NULL,
  `created_at` timestamp NULL DEFAULT NULL,
  `updated_at` timestamp NULL DEFAULT NULL
) ENGINE=InnoDB DEFAULT CHARSET=utf8mb4 COLLATE=utf8mb4_unicode_ci;

--
-- Dumping data for table `users`
--

INSERT INTO `users` (`id`, `name`, `email`, `code`, `username`, `user_type`, `dob`, `gender`, `photo`, `phone`, `phone2`, `bg_id`, `state_id`, `lga_id`, `nal_id`, `address`, `email_verified_at`, `password`, `remember_token`, `created_at`, `updated_at`) VALUES
(1, 'Dark Side', 'cj@cj.com', 'FAU10TPFIC', 'cj', 'super_admin', NULL, NULL, 'http://127.0.0.1:8000/storage/uploads/super_admin/FAU10TPFIC/photo.png', NULL, NULL, NULL, NULL, NULL, NULL, 'sudan, Kh', NULL, '$2y$10$B5DRbtMFUwZ4OdqFSUqayOswHSO/HCVh9DX0iwVGN9M8YyaippeeG', 'g7Y54XJJ2ITQrgN04vHKIdKf4QVHeKNbxSYamX6DCM0kgV8l2BZ0yfquFueZ', NULL, '2024-12-20 16:00:22'),
(2, 'Admin KORA', 'admin@admin.com', 'DXJOYXWZVR', 'admin', 'admin', NULL, NULL, 'http://localhost/global_assets/images/user.png', NULL, NULL, NULL, NULL, NULL, NULL, NULL, NULL, '$2y$10$B5DRbtMFUwZ4OdqFSUqayOswHSO/HCVh9DX0iwVGN9M8YyaippeeG', 'FV03Gil4VVdIXVJtC0M4tapZlEigB1wQ0UjgKGJkLi2tfewMphRCQm5uAJYX', NULL, NULL),
(3, 'Teacher Chike', 'teacher@teacher.com', '2WGWVPELGD', 'teacher', 'teacher', NULL, NULL, 'http://localhost/global_assets/images/user.png', NULL, NULL, NULL, NULL, NULL, NULL, NULL, NULL, '$2y$10$B5DRbtMFUwZ4OdqFSUqayOswHSO/HCVh9DX0iwVGN9M8YyaippeeG', 'Cildg74ZBl8ELM9eiYq5JdzlrcLty6wuUGledXArdhBNfJTO1GDwgt0BBrzA', NULL, NULL),
(4, 'Parent Kaba', 'parent@parent.com', 'SSUNGGLLLX', 'parent', 'parent', NULL, NULL, 'http://localhost/global_assets/images/user.png', NULL, NULL, NULL, NULL, NULL, NULL, NULL, NULL, '$2y$10$B5DRbtMFUwZ4OdqFSUqayOswHSO/HCVh9DX0iwVGN9M8YyaippeeG', '8jjQR4uf86YNdTgWt7ki6mN87UGQAabcvD0v7c3BqeXA9EP8IaZ1HxFYplPH', NULL, NULL),
(5, 'Accountant Jeff', 'accountant@accountant.com', 'IKTCOWQCB4', 'accountant', 'accountant', NULL, NULL, 'http://localhost/global_assets/images/user.png', NULL, NULL, NULL, NULL, NULL, NULL, NULL, NULL, '$2y$10$B5DRbtMFUwZ4OdqFSUqayOswHSO/HCVh9DX0iwVGN9M8YyaippeeG', 'wc4w53x3Y1tFf1hRNDNEVSmBYioRcrGCjJNWq6WbSs3T0JobgBIhnNmaNsH0', NULL, NULL),
(6, 'Admin 1', 'admin1@admin.com', 'U6KYDELFNO', 'admin1', 'admin', NULL, NULL, 'http://localhost/global_assets/images/user.png', NULL, NULL, NULL, NULL, NULL, NULL, NULL, NULL, '$2y$10$wOxAonVu4pkWAl17.PG/AOr0LtpxXEMudd9c9eILA./TmBMJc9ouG', '4Zp8oyYJCv', NULL, NULL),
(7, 'Teacher 1', 'teacher1@teacher.com', '4WWOGVF2OF', 'teacher1', 'teacher', NULL, NULL, 'http://localhost/global_assets/images/user.png', NULL, NULL, NULL, NULL, NULL, NULL, NULL, NULL, '$2y$10$72YM0ZnetmshrsryfF0FnuTYieO7uyhB3kgKdwkl79guoj0nrp.mG', '4YeV4fjOWJ', NULL, NULL),
(8, 'Accountant 1', 'accountant1@accountant.com', 'LIQF9HPVRO', 'accountant1', 'accountant', NULL, NULL, 'http://localhost/global_assets/images/user.png', NULL, NULL, NULL, NULL, NULL, NULL, NULL, NULL, '$2y$10$EnoZkJmNCwbKdsr/j.DBK.2TTEIOVs3qRf2bql9SLIclMZtlNMhYu', 'XC5f3GEhJU', NULL, NULL),
(9, 'Parent 1', 'parent1@parent.com', '6SRT7PVZ9Z', 'parent1', 'parent', NULL, NULL, 'http://localhost/global_assets/images/user.png', NULL, NULL, NULL, NULL, NULL, NULL, NULL, NULL, '$2y$10$Z7jePQrCYmJyhuRspwLG/efVcwJqM6c7OCJgnuFeAJQttgsxnxQ/6', 'eIdxmpYwNX', NULL, NULL),
(10, 'Admin 2', 'admin2@admin.com', 'U80FZOYM13', 'admin2', 'admin', NULL, NULL, 'http://localhost/global_assets/images/user.png', NULL, NULL, NULL, NULL, NULL, NULL, NULL, NULL, '$2y$10$7qaj5dGz4JltCh4P3zwQy.NOThJwM.iWdJods24G.neNbuP2mRc7q', 'PHKfY1HuFM', NULL, NULL),
(11, 'Teacher 2', 'teacher2@teacher.com', '9SRZVSTHIG', 'teacher2', 'teacher', NULL, NULL, 'http://localhost/global_assets/images/user.png', NULL, NULL, NULL, NULL, NULL, NULL, NULL, NULL, '$2y$10$qq.ZxqUDBbZF3r46IZBYjuYoPpRJqhAw28vHYpVjhzgFy57BfQH1a', 'm0Xi2QMdC3', NULL, NULL),
(12, 'Accountant 2', 'accountant2@accountant.com', 'OVG0S5V5TC', 'accountant2', 'accountant', NULL, NULL, 'http://localhost/global_assets/images/user.png', NULL, NULL, NULL, NULL, NULL, NULL, NULL, NULL, '$2y$10$uB4rb4u1PscK2D/x9Kx08uY17OIVxJ.MRn0vLfLxx4/wfKtUsAwz6', 'zCottOJeWG', NULL, NULL),
(13, 'Parent 2', 'parent2@parent.com', 'IZCRYKMKZJ', 'parent2', 'parent', NULL, NULL, 'http://localhost/global_assets/images/user.png', NULL, NULL, NULL, NULL, NULL, NULL, NULL, NULL, '$2y$10$AMU50Uivn7YWQaXA2zvn.eRPM8GJqRSyTM2qaN4ypPLNCcbcbmZm.', 'ntsoinXmY7', NULL, NULL),
(14, 'Admin 3', 'admin3@admin.com', 'JPJNXLV8P2', 'admin3', 'admin', NULL, NULL, 'http://localhost/global_assets/images/user.png', NULL, NULL, NULL, NULL, NULL, NULL, NULL, NULL, '$2y$10$hzZccKzvc6dhU30bHjfvgu.YTBZrGAnxnxskqEVxaAuiM9GEsYpNS', '2kGzTRpKln', NULL, NULL),
(15, 'Teacher 3', 'teacher3@teacher.com', 'GDCN5YKJKD', 'teacher3', 'teacher', NULL, NULL, 'http://localhost/global_assets/images/user.png', NULL, NULL, NULL, NULL, NULL, NULL, NULL, NULL, '$2y$10$Qwv8QteMgF25kJXfTEJ0vOjlbC3FfB/aparD3eYfH3hrvYArzFCmu', 'Q3Vw72WiBp', NULL, NULL),
(16, 'Accountant 3', 'accountant3@accountant.com', 'F8QRNBSTLA', 'accountant3', 'accountant', NULL, NULL, 'http://localhost/global_assets/images/user.png', NULL, NULL, NULL, NULL, NULL, NULL, NULL, NULL, '$2y$10$mivhCkedcGKQcq/YBJaCx.v.d/1Of2xxON1dPscOkGZAFJvSadPq6', 'iRY2SBQkCN', NULL, NULL),
(17, 'Parent 3', 'parent3@parent.com', 'YTEZVXBP68', 'parent3', 'parent', NULL, NULL, 'http://localhost/global_assets/images/user.png', NULL, NULL, NULL, NULL, NULL, NULL, NULL, NULL, '$2y$10$lURTKnOS16dsQAYq.AMTpukiPXQzpBlTpXNQGCNi.NqlVvUL2CLdS', 'XKGRBwowky', NULL, NULL),
(18, 'Student CJ', 'student@student.com', 'LFJKZAWXLK', 'student', 'student', NULL, NULL, 'http://localhost/global_assets/images/user.png', NULL, NULL, NULL, NULL, NULL, NULL, NULL, NULL, '$2y$10$FY3hjCZOLlAXBI.4up7dgeBvTZ5ZmrcSEAdnSF6des8dSIxgKfCH', '0ftetaFvajipkITo9D19k0zTcCbNeSgn27ctezSfLJnUrhDm6ttZE8VoVebg', '2024-12-19 21:15:28', '2024-12-19 21:15:28'),
(20, 'Graham Kuhn', 'ansel01@example.org', 'KWCOYCKICP', 'lysanne54', 'student', NULL, NULL, 'http://localhost/global_assets/images/user.png', NULL, NULL, NULL, NULL, NULL, NULL, NULL, NULL, '$2y$10$TuSA6gyDH/1UZuGefwcvg.lPgDeaoDx458ELsCfGnFU37ZKeBOTCi', 'OeeX8L2uV4', '2024-12-19 21:15:29', '2024-12-19 21:15:29'),
(21, 'Jade Mitchell', 'giuseppe21@example.com', 'HXPNQDPEXJ', 'pink67', 'student', NULL, NULL, 'http://localhost/global_assets/images/user.png', NULL, NULL, NULL, NULL, NULL, NULL, NULL, NULL, '$2y$10$TuSA6gyDH/1UZuGefwcvg.lPgDeaoDx458ELsCfGnFU37ZKeBOTCi', '3YjYlo3jrY', '2024-12-19 21:15:29', '2024-12-19 21:15:29'),
(22, 'Gardner Barton', 'josefina19@example.net', 'EVLIGCLVBZ', 'adalberto15', 'student', NULL, NULL, 'http://localhost/global_assets/images/user.png', NULL, NULL, NULL, NULL, NULL, NULL, NULL, NULL, '$2y$10$Om80s122JCs.WhKzlVn6l.o2ELE5EcCiZtEvUMWte0R4h/OUI0dsK', 'PlX5OtkXYG', '2024-12-19 21:15:30', '2024-12-24 00:01:50'),
(23, 'Helena Gleason I', 'rosalinda.raynor@example.net', 'TCSM5DTVJJ', 'cindy73', 'student', NULL, NULL, 'http://localhost/global_assets/images/user.png', NULL, NULL, NULL, NULL, NULL, NULL, NULL, NULL, '$2y$10$mucpcdjcT09e99HH2qdMzO4XDs49ip/crjWoZtM9fH6juqnfVS/J2', 'uWneNi1xjh', '2024-12-19 21:15:30', '2024-12-19 21:15:30'),
(24, 'Noelia Boehm', 'wfahey@example.org', 'NN4TSULCDM', 'rrempel', 'student', NULL, NULL, 'http://localhost/global_assets/images/user.png', NULL, NULL, NULL, NULL, NULL, NULL, NULL, NULL, '$2y$10$mucpcdjcT09e99HH2qdMzO4XDs49ip/crjWoZtM9fH6juqnfVS/J2', 'fbPOhXr9pR', '2024-12-19 21:15:30', '2024-12-19 21:15:30'),
(25, 'Cordelia Yundt', 'jquitzon@example.com', 'PSLHQARSU8', 'hahn.damion', 'student', NULL, NULL, 'http://localhost/global_assets/images/user.png', NULL, NULL, NULL, NULL, NULL, NULL, NULL, NULL, '$2y$10$uZOf6dopC/nojjOk.mlFwe6uBvubidW8kEpOG03fTi.D0tI.mVwk6', '5dSfa48qn2', '2024-12-19 21:15:30', '2024-12-19 21:15:30'),
(26, 'Adrianna Weissnat', 'hertha88@example.com', '30UJDMP3IE', 'lfadel', 'student', NULL, NULL, 'http://localhost/global_assets/images/user.png', NULL, NULL, NULL, NULL, NULL, NULL, NULL, NULL, '$2y$10$uZOf6dopC/nojjOk.mlFwe6uBvubidW8kEpOG03fTi.D0tI.mVwk6', 'o64meLocVD', '2024-12-19 21:15:31', '2024-12-19 21:15:31'),
(27, 'Braxton Daniel', 'sipes.yesenia@example.com', 'AW6B77AOUW', 'mittie.gusikowski', 'student', NULL, NULL, 'http://localhost/global_assets/images/user.png', NULL, NULL, NULL, NULL, NULL, NULL, NULL, NULL, '$2y$10$uZOf6dopC/nojjOk.mlFwe6uBvubidW8kEpOG03fTi.D0tI.mVwk6', '3BqTwuSDd2', '2024-12-19 21:15:31', '2024-12-19 21:15:31'),
(28, 'Kirk Beahan', 'marvin.casandra@example.org', 'HETH3MU8BY', 'cummerata.hillard', 'student', NULL, NULL, 'http://localhost/global_assets/images/user.png', NULL, NULL, NULL, NULL, NULL, NULL, NULL, NULL, '$2y$10$4QjIYt.RPhyx.WIp5STo2uQVpRZVenoECYq55gJ/9xSFrtkF/hun2', 'mAlpyod5G4', '2024-12-19 21:15:31', '2024-12-19 21:15:31'),
(29, 'Johathan Rowe', 'claudine.lemke@example.org', 'CGHQPFDSNS', 'lehner.chauncey', 'student', NULL, NULL, 'http://localhost/global_assets/images/user.png', NULL, NULL, NULL, NULL, NULL, NULL, NULL, NULL, '$2y$10$4QjIYt.RPhyx.WIp5STo2uQVpRZVenoECYq55gJ/9xSFrtkF/hun2', 'kluBhZzsrn', '2024-12-19 21:15:32', '2024-12-19 21:15:32'),
(30, 'Jennie Watsica', 'hilton36@example.org', '1ZQXSR2HJG', 'zoe.gulgowski', 'student', NULL, NULL, 'http://localhost/global_assets/images/user.png', NULL, NULL, NULL, NULL, NULL, NULL, NULL, NULL, '$2y$10$4QjIYt.RPhyx.WIp5STo2uQVpRZVenoECYq55gJ/9xSFrtkF/hun2', '8Ar95QKEB7', '2024-12-19 21:15:32', '2024-12-19 21:15:32'),
(31, 'Freddie Kertzmann', 'stephan77@example.com', 'EPRCVKOVRL', 'yankunding', 'student', NULL, NULL, 'http://localhost/global_assets/images/user.png', NULL, NULL, NULL, NULL, NULL, NULL, NULL, NULL, '$2y$10$X2RfLdkkhRpt8LSeyEapWe2FdF6mNG/EFxWah6qGGIrxk2OXUy6k2', 'weYKCzfOGR', '2024-12-19 21:15:32', '2024-12-19 21:15:32'),
(32, 'Nova Reinger V', 'emmett85@example.net', 'PRNSBZZIQP', 'kuhlman.sallie', 'student', NULL, NULL, 'http://localhost/global_assets/images/user.png', NULL, NULL, NULL, NULL, NULL, NULL, NULL, NULL, '$2y$10$X2RfLdkkhRpt8LSeyEapWe2FdF6mNG/EFxWah6qGGIrxk2OXUy6k2', 'uzjHsq6C3X', '2024-12-19 21:15:32', '2024-12-19 21:15:32'),
(33, 'Rebekah Farrell IV', 'grady.forrest@example.net', 'KP8DJDVCPS', 'uheidenreich', 'student', NULL, NULL, 'http://localhost/global_assets/images/user.png', NULL, NULL, NULL, NULL, NULL, NULL, NULL, NULL, '$2y$10$X2RfLdkkhRpt8LSeyEapWe2FdF6mNG/EFxWah6qGGIrxk2OXUy6k2', 'XUOKVqS1Yn', '2024-12-19 21:15:32', '2024-12-19 21:15:32'),
(34, 'Winifred VonRueden', 'reagan72@example.com', 'TDPSO23OLA', 'kerluke.joan', 'student', NULL, NULL, 'http://localhost/global_assets/images/user.png', NULL, NULL, NULL, NULL, NULL, NULL, NULL, NULL, '$2y$10$Tn/I.TY91e7ZMokCzoTv0e7ORHaujmrvVw6aJcp/NQOLpim95RkDa', 'orY3n05nz8', '2024-12-19 21:15:33', '2024-12-19 21:15:33'),
(35, 'Mr. Taurean Kling', 'tevin31@example.net', 'FSVBDU3PWP', 'frankie98', 'student', NULL, NULL, 'http://localhost/global_assets/images/user.png', NULL, NULL, NULL, NULL, NULL, NULL, NULL, NULL, '$2y$10$Tn/I.TY91e7ZMokCzoTv0e7ORHaujmrvVw6aJcp/NQOLpim95RkDa', '3NViUv3Mpr', '2024-12-19 21:15:33', '2024-12-19 21:15:33'),
(36, 'Malinda Beatty PhD', 'edison46@example.com', 'YA4AFPTX02', 'ivah.smitham', 'student', NULL, NULL, 'http://localhost/global_assets/images/user.png', NULL, NULL, NULL, NULL, NULL, NULL, NULL, NULL, '$2y$10$Tn/I.TY91e7ZMokCzoTv0e7ORHaujmrvVw6aJcp/NQOLpim95RkDa', 'knVEErc58r', '2024-12-19 21:15:33', '2024-12-19 21:15:33'),
(37, 'Prof. Melissa Von DVM', 'batz.marcus@example.com', 'UTO52WTDAZ', 'njast', 'student', NULL, NULL, 'http://localhost/global_assets/images/user.png', NULL, NULL, NULL, NULL, NULL, NULL, NULL, NULL, '$2y$10$OJR49LBtbkkttOaWShDg/.H4xCGDJwaPB/Ykv/D0VQg7BekY2IUjW', 'ouD8xYE2Cz', '2024-12-19 21:15:34', '2024-12-19 21:15:34'),
(38, 'Mrs. Herta Renner Sr.', 'marcelino64@example.org', 'V3HFYUU066', 'rheidenreich', 'student', NULL, NULL, 'http://localhost/global_assets/images/user.png', NULL, NULL, NULL, NULL, NULL, NULL, NULL, NULL, '$2y$10$OJR49LBtbkkttOaWShDg/.H4xCGDJwaPB/Ykv/D0VQg7BekY2IUjW', '69R2PNi8Wg', '2024-12-19 21:15:34', '2024-12-19 21:15:34'),
(39, 'Kristian Corkery Jr.', 'sallie39@example.net', 'MSAPEOTRCX', 'jast.aniyah', 'student', NULL, NULL, 'http://localhost/global_assets/images/user.png', NULL, NULL, NULL, NULL, NULL, NULL, NULL, NULL, '$2y$10$OJR49LBtbkkttOaWShDg/.H4xCGDJwaPB/Ykv/D0VQg7BekY2IUjW', 'qNn3rOFjbu', '2024-12-19 21:15:34', '2024-12-19 21:15:34'),
(40, 'Ronaldo Conroy', 'aidan.carroll@example.com', 'UPZNYJB9AP', 'emerald.bashirian', 'student', NULL, NULL, 'http://localhost/global_assets/images/user.png', NULL, NULL, NULL, NULL, NULL, NULL, NULL, NULL, '$2y$10$Js0Dg/DxyEdVOQDFxNQcVuNtgKlLTmXnnG8ZguTMNQdItjApgumh6', 'JhJ8eEW3vu', '2024-12-19 21:15:35', '2024-12-19 21:15:35'),
(41, 'Polly Schulist', 'kennedi72@example.org', '1VOGUITYMO', 'gzboncak', 'student', NULL, NULL, 'http://localhost/global_assets/images/user.png', NULL, NULL, NULL, NULL, NULL, NULL, NULL, NULL, '$2y$10$Js0Dg/DxyEdVOQDFxNQcVuNtgKlLTmXnnG8ZguTMNQdItjApgumh6', 'qduiPHp3Nn', '2024-12-19 21:15:35', '2024-12-19 21:15:35'),
(42, 'Ms. Alana Bauch', 'virginie.miller@example.com', 'X3QWKORN6K', 'beahan.amely', 'student', NULL, NULL, 'http://localhost/global_assets/images/user.png', NULL, NULL, NULL, NULL, NULL, NULL, NULL, NULL, '$2y$10$Js0Dg/DxyEdVOQDFxNQcVuNtgKlLTmXnnG8ZguTMNQdItjApgumh6', 'k2gD0LVZ5G', '2024-12-19 21:15:35', '2024-12-19 21:15:35'),
(43, 'Taryn Runolfsdottir', 'viola88@example.com', 'ALD8IZCWAK', 'xkoss', 'student', NULL, NULL, 'http://localhost/global_assets/images/user.png', NULL, NULL, NULL, NULL, NULL, NULL, NULL, NULL, '$2y$10$nDuRXJO2o0paLxm1mT4tsOKPN4AwdFNoCIjlWfo18Z.QUv8fB2aDW', 'CHxoYCFTk8', '2024-12-19 21:15:35', '2024-12-19 21:15:35'),
(44, 'Myah Raynor', 'hammes.erling@example.net', '3BL3DYWAXB', 'weimann.eugenia', 'student', NULL, NULL, 'http://localhost/global_assets/images/user.png', NULL, NULL, NULL, NULL, NULL, NULL, NULL, NULL, '$2y$10$nDuRXJO2o0paLxm1mT4tsOKPN4AwdFNoCIjlWfo18Z.QUv8fB2aDW', '0kz2ZrO0JG', '2024-12-19 21:15:36', '2024-12-19 21:15:36'),
(45, 'Torrey Koelpin PhD', 'barrows.liana@example.net', 'KHHRSNJAEE', 'hollie.wiza', 'student', NULL, NULL, 'http://localhost/global_assets/images/user.png', NULL, NULL, NULL, NULL, NULL, NULL, NULL, NULL, '$2y$10$nDuRXJO2o0paLxm1mT4tsOKPN4AwdFNoCIjlWfo18Z.QUv8fB2aDW', 'bVDpArgCGV', '2024-12-19 21:15:36', '2024-12-19 21:15:36'),
(46, 'Vickie Doyle PhD', 'eichmann.valentine@example.org', '12BXDX3K3O', 'everett.nitzsche', 'student', NULL, NULL, 'http://localhost/global_assets/images/user.png', NULL, NULL, NULL, NULL, NULL, NULL, NULL, NULL, '$2y$10$9Lwp/uNuOq0lSiUhIpITa.SHIwAv442rq2zj91QE75O/doj4bxO8u', '1EgjRQGXo1', '2024-12-19 21:15:36', '2024-12-19 21:15:36'),
(47, 'Abbey Lehner', 'yschuppe@example.net', 'QTGWLT7NBX', 'aisha.runolfsdottir', 'student', NULL, NULL, 'http://localhost/global_assets/images/user.png', NULL, NULL, NULL, NULL, NULL, NULL, NULL, NULL, '$2y$10$9Lwp/uNuOq0lSiUhIpITa.SHIwAv442rq2zj91QE75O/doj4bxO8u', 'pKMnMf9Cgx', '2024-12-19 21:15:36', '2024-12-19 21:15:36'),
(48, 'Dr. Retta Mills MD', 'reba87@example.net', 'EX2FXZW6OO', 'precious.ortiz', 'student', NULL, NULL, 'http://localhost/global_assets/images/user.png', NULL, NULL, NULL, NULL, NULL, NULL, NULL, NULL, '$2y$10$9Lwp/uNuOq0lSiUhIpITa.SHIwAv442rq2zj91QE75O/doj4bxO8u', 'pK8Er0C7iF', '2024-12-19 21:15:36', '2024-12-19 21:15:36'),
(49, 'Shannon Witting', 'anderson.brandi@example.net', 'FYWFTIMAL1', 'schroeder.abigayle', 'student', NULL, NULL, 'http://localhost/global_assets/images/user.png', NULL, NULL, NULL, NULL, NULL, NULL, NULL, NULL, '$2y$10$WWybxHEkZ4VAY4beliuJDeX4w39K3A47clwPqE6WmgmZfO8JViXUm', 'cIhRHgCWsq', '2024-12-19 21:15:37', '2024-12-19 21:15:37'),
(50, 'Kali Will', 'zemlak.dereck@example.net', 'LQ6FUA0RLL', 'amparo.bernier', 'student', NULL, NULL, 'http://localhost/global_assets/images/user.png', NULL, NULL, NULL, NULL, NULL, NULL, NULL, NULL, '$2y$10$WWybxHEkZ4VAY4beliuJDeX4w39K3A47clwPqE6WmgmZfO8JViXUm', 'o3WgdLmUVc', '2024-12-19 21:15:37', '2024-12-19 21:15:37'),
(51, 'Dr. Judson Miller', 'rogelio55@example.net', 'FMM516RI8Y', 'sydni.fisher', 'student', NULL, NULL, 'http://localhost/global_assets/images/user.png', NULL, NULL, NULL, NULL, NULL, NULL, NULL, NULL, '$2y$10$WWybxHEkZ4VAY4beliuJDeX4w39K3A47clwPqE6WmgmZfO8JViXUm', 'NCxj16noSi', '2024-12-19 21:15:37', '2024-12-19 21:15:37'),
(52, 'Alyce Hills', 'gutkowski.chanelle@example.org', 'QXWSJAF2PC', 'lebsack.angelo', 'student', NULL, NULL, 'http://localhost/global_assets/images/user.png', NULL, NULL, NULL, NULL, NULL, NULL, NULL, NULL, '$2y$10$WqGxu8d8EaIVnZ5XUvjtyuPb378kUR7eK0HbzXCcLGE5djRn2KZLm', 'dcXD4DsQW2', '2024-12-19 21:15:38', '2024-12-19 21:15:38'),
(53, 'Arely Blick', 'mprice@example.com', 'F8YRKILUP5', 'nrogahn', 'student', NULL, NULL, 'http://localhost/global_assets/images/user.png', NULL, NULL, NULL, NULL, NULL, NULL, NULL, NULL, '$2y$10$WqGxu8d8EaIVnZ5XUvjtyuPb378kUR7eK0HbzXCcLGE5djRn2KZLm', 'Wz6VVCnHOc', '2024-12-19 21:15:38', '2024-12-19 21:15:38'),
(54, 'Damien Herman', 'aletha98@example.com', 'ISJ57QOR1A', 'santino39', 'student', NULL, NULL, 'http://localhost/global_assets/images/user.png', NULL, NULL, NULL, NULL, NULL, NULL, NULL, NULL, '$2y$10$WqGxu8d8EaIVnZ5XUvjtyuPb378kUR7eK0HbzXCcLGE5djRn2KZLm', '2DsqM0ndxj', '2024-12-19 21:15:38', '2024-12-19 21:15:38'),
(55, 'Dark Dark', 'dark@dark.com', 'C1ASXZREP8', 'Smart/STAFF/2024/12/8936', 'teacher', NULL, 'Male', 'http://127.0.0.1:8000/storage/uploads/teacher/C1ASXZREP8/photo.png', '0123456789', '0123456789', 2, 1, 1, 168, 'darkdarkdark', NULL, '$2y$10$7K2ITFPe4KLjnZYmGVsluOa43C7J6/fEMJbMWnpKTQAO/1Y.WvVJi', NULL, '2024-12-22 21:49:20', '2024-12-22 21:49:20'),
(57, 'Student Class 9', 'student9@student.com', 'RYTGW1RJ5M', 'SMART/SEC/2024/542', 'student', '12/08/2010', 'Male', 'http://127.0.0.1:8000/storage/uploads/student/RYTGW1RJ5M/photo.png', NULL, NULL, 1, 50, 775, 168, 'student class 9', NULL, '$2y$10$2.ZcvRO4fFE2vspc6OMVS.qEBtk7m3wAVuGQ82Iv4m0oL/q5bOZim', NULL, '2024-12-26 10:42:55', '2024-12-26 10:42:55');

-- --------------------------------------------------------

--
-- Table structure for table `user_types`
--

CREATE TABLE `user_types` (
  `id` int(10) UNSIGNED NOT NULL,
  `title` varchar(255) NOT NULL,
  `name` varchar(255) NOT NULL,
  `level` varchar(255) NOT NULL,
  `created_at` timestamp NULL DEFAULT NULL,
  `updated_at` timestamp NULL DEFAULT NULL
) ENGINE=InnoDB DEFAULT CHARSET=utf8mb4 COLLATE=utf8mb4_unicode_ci;

--
-- Dumping data for table `user_types`
--

INSERT INTO `user_types` (`id`, `title`, `name`, `level`, `created_at`, `updated_at`) VALUES
(1, 'accountant', 'Accountant', '5', NULL, NULL),
(2, 'parent', 'Parent', '4', NULL, NULL),
(3, 'teacher', 'Teacher', '3', NULL, NULL),
(4, 'admin', 'Admin', '2', NULL, NULL),
(5, 'super_admin', 'Super Admin', '1', NULL, NULL);

--
-- Indexes for dumped tables
--

--
-- Indexes for table `blood_groups`
--
ALTER TABLE `blood_groups`
  ADD PRIMARY KEY (`id`);

--
-- Indexes for table `books`
--
ALTER TABLE `books`
  ADD PRIMARY KEY (`id`),
  ADD KEY `books_my_class_id_foreign` (`my_class_id`);

--
-- Indexes for table `book_requests`
--
ALTER TABLE `book_requests`
  ADD PRIMARY KEY (`id`),
  ADD KEY `book_requests_book_id_foreign` (`book_id`),
  ADD KEY `book_requests_user_id_foreign` (`user_id`);

--
-- Indexes for table `class_types`
--
ALTER TABLE `class_types`
  ADD PRIMARY KEY (`id`);

--
-- Indexes for table `dorms`
--
ALTER TABLE `dorms`
  ADD PRIMARY KEY (`id`),
  ADD UNIQUE KEY `dorms_name_unique` (`name`);

--
-- Indexes for table `exams`
--
ALTER TABLE `exams`
  ADD PRIMARY KEY (`id`),
  ADD UNIQUE KEY `exams_term_year_unique` (`term`,`year`);

--
-- Indexes for table `exam_records`
--
ALTER TABLE `exam_records`
  ADD PRIMARY KEY (`id`),
  ADD KEY `exam_records_exam_id_foreign` (`exam_id`),
  ADD KEY `exam_records_my_class_id_foreign` (`my_class_id`),
  ADD KEY `exam_records_student_id_foreign` (`student_id`),
  ADD KEY `exam_records_section_id_foreign` (`section_id`);

--
-- Indexes for table `grades`
--
ALTER TABLE `grades`
  ADD PRIMARY KEY (`id`),
  ADD UNIQUE KEY `grades_name_class_type_id_remark_unique` (`name`,`class_type_id`,`remark`),
  ADD KEY `grades_class_type_id_foreign` (`class_type_id`);

--
-- Indexes for table `lgas`
--
ALTER TABLE `lgas`
  ADD PRIMARY KEY (`id`),
  ADD KEY `lgas_state_id_foreign` (`state_id`);

--
-- Indexes for table `marks`
--
ALTER TABLE `marks`
  ADD PRIMARY KEY (`id`),
  ADD KEY `marks_student_id_foreign` (`student_id`),
  ADD KEY `marks_my_class_id_foreign` (`my_class_id`),
  ADD KEY `marks_section_id_foreign` (`section_id`),
  ADD KEY `marks_subject_id_foreign` (`subject_id`),
  ADD KEY `marks_exam_id_foreign` (`exam_id`),
  ADD KEY `marks_grade_id_foreign` (`grade_id`);

--
-- Indexes for table `migrations`
--
ALTER TABLE `migrations`
  ADD PRIMARY KEY (`id`);

--
-- Indexes for table `my_classes`
--
ALTER TABLE `my_classes`
  ADD PRIMARY KEY (`id`),
  ADD UNIQUE KEY `my_classes_class_type_id_name_unique` (`class_type_id`,`name`);

--
-- Indexes for table `nationalities`
--
ALTER TABLE `nationalities`
  ADD PRIMARY KEY (`id`);

--
-- Indexes for table `password_resets`
--
ALTER TABLE `password_resets`
  ADD KEY `password_resets_email_index` (`email`);

--
-- Indexes for table `payments`
--
ALTER TABLE `payments`
  ADD PRIMARY KEY (`id`),
  ADD UNIQUE KEY `payments_ref_no_unique` (`ref_no`),
  ADD KEY `payments_my_class_id_foreign` (`my_class_id`);

--
-- Indexes for table `payment_records`
--
ALTER TABLE `payment_records`
  ADD PRIMARY KEY (`id`),
  ADD UNIQUE KEY `payment_records_ref_no_unique` (`ref_no`),
  ADD KEY `payment_records_payment_id_foreign` (`payment_id`),
  ADD KEY `payment_records_student_id_foreign` (`student_id`);

--
-- Indexes for table `pins`
--
ALTER TABLE `pins`
  ADD PRIMARY KEY (`id`),
  ADD UNIQUE KEY `pins_code_unique` (`code`),
  ADD KEY `pins_user_id_foreign` (`user_id`),
  ADD KEY `pins_student_id_foreign` (`student_id`);

--
-- Indexes for table `promotions`
--
ALTER TABLE `promotions`
  ADD PRIMARY KEY (`id`),
  ADD KEY `promotions_student_id_foreign` (`student_id`),
  ADD KEY `promotions_from_class_foreign` (`from_class`),
  ADD KEY `promotions_from_section_foreign` (`from_section`),
  ADD KEY `promotions_to_section_foreign` (`to_section`),
  ADD KEY `promotions_to_class_foreign` (`to_class`);

--
-- Indexes for table `receipts`
--
ALTER TABLE `receipts`
  ADD PRIMARY KEY (`id`),
  ADD KEY `receipts_pr_id_foreign` (`pr_id`);

--
-- Indexes for table `sections`
--
ALTER TABLE `sections`
  ADD PRIMARY KEY (`id`),
  ADD UNIQUE KEY `sections_name_my_class_id_unique` (`name`,`my_class_id`),
  ADD KEY `sections_my_class_id_foreign` (`my_class_id`),
  ADD KEY `sections_teacher_id_foreign` (`teacher_id`);

--
-- Indexes for table `sessions`
--
ALTER TABLE `sessions`
  ADD PRIMARY KEY (`id`),
  ADD KEY `user_id` (`user_id`),
  ADD KEY `last_activity` (`last_activity`);

--
-- Indexes for table `settings`
--
ALTER TABLE `settings`
  ADD PRIMARY KEY (`id`);

--
-- Indexes for table `skills`
--
ALTER TABLE `skills`
  ADD PRIMARY KEY (`id`);

--
-- Indexes for table `staff_records`
--
ALTER TABLE `staff_records`
  ADD PRIMARY KEY (`id`),
  ADD UNIQUE KEY `staff_records_code_unique` (`code`),
  ADD KEY `staff_records_user_id_foreign` (`user_id`);

--
-- Indexes for table `states`
--
ALTER TABLE `states`
  ADD PRIMARY KEY (`id`);

--
-- Indexes for table `student_attendances`
--
ALTER TABLE `student_attendances`
  ADD PRIMARY KEY (`id`),
  ADD KEY `student_id` (`student_id`),
  ADD KEY `class_id` (`class_id`),
  ADD KEY `section_id` (`section_id`),
  ADD KEY `created_by` (`created_by`);

--
-- Indexes for table `student_records`
--
ALTER TABLE `student_records`
  ADD PRIMARY KEY (`id`),
  ADD UNIQUE KEY `student_records_adm_no_unique` (`adm_no`),
  ADD KEY `student_records_user_id_foreign` (`user_id`),
  ADD KEY `student_records_my_class_id_foreign` (`my_class_id`),
  ADD KEY `student_records_section_id_foreign` (`section_id`),
  ADD KEY `student_records_my_parent_id_foreign` (`my_parent_id`),
  ADD KEY `student_records_dorm_id_foreign` (`dorm_id`);

--
-- Indexes for table `subjects`
--
ALTER TABLE `subjects`
  ADD PRIMARY KEY (`id`),
  ADD UNIQUE KEY `subjects_my_class_id_name_unique` (`my_class_id`,`name`),
  ADD KEY `subjects_teacher_id_foreign` (`teacher_id`);

--
-- Indexes for table `teacher_attendances`
--
ALTER TABLE `teacher_attendances`
  ADD PRIMARY KEY (`id`),
  ADD KEY `teacher_id` (`teacher_id`),
  ADD KEY `created_by` (`created_by`);

--
-- Indexes for table `time_slots`
--
ALTER TABLE `time_slots`
  ADD PRIMARY KEY (`id`),
  ADD UNIQUE KEY `time_slots_timestamp_from_timestamp_to_ttr_id_unique` (`timestamp_from`,`timestamp_to`,`ttr_id`),
  ADD KEY `time_slots_ttr_id_foreign` (`ttr_id`);

--
-- Indexes for table `time_tables`
--
ALTER TABLE `time_tables`
  ADD PRIMARY KEY (`id`),
  ADD UNIQUE KEY `time_tables_ttr_id_ts_id_day_unique` (`ttr_id`,`ts_id`,`day`),
  ADD UNIQUE KEY `time_tables_ttr_id_ts_id_exam_date_unique` (`ttr_id`,`ts_id`,`exam_date`),
  ADD KEY `time_tables_ts_id_foreign` (`ts_id`),
  ADD KEY `time_tables_subject_id_foreign` (`subject_id`);

--
-- Indexes for table `time_table_records`
--
ALTER TABLE `time_table_records`
  ADD PRIMARY KEY (`id`),
  ADD UNIQUE KEY `time_table_records_name_unique` (`name`),
  ADD UNIQUE KEY `time_table_records_my_class_id_exam_id_year_unique` (`my_class_id`,`exam_id`,`year`),
  ADD KEY `time_table_records_exam_id_foreign` (`exam_id`);

--
-- Indexes for table `users`
--
ALTER TABLE `users`
  ADD PRIMARY KEY (`id`),
  ADD UNIQUE KEY `users_code_unique` (`code`),
  ADD UNIQUE KEY `users_email_unique` (`email`),
  ADD UNIQUE KEY `users_username_unique` (`username`),
  ADD KEY `users_state_id_foreign` (`state_id`),
  ADD KEY `users_lga_id_foreign` (`lga_id`),
  ADD KEY `users_bg_id_foreign` (`bg_id`),
  ADD KEY `users_nal_id_foreign` (`nal_id`);

--
-- Indexes for table `user_types`
--
ALTER TABLE `user_types`
  ADD PRIMARY KEY (`id`);

--
-- AUTO_INCREMENT for dumped tables
--

--
-- AUTO_INCREMENT for table `blood_groups`
--
ALTER TABLE `blood_groups`
  MODIFY `id` int(10) UNSIGNED NOT NULL AUTO_INCREMENT, AUTO_INCREMENT=9;

--
-- AUTO_INCREMENT for table `books`
--
ALTER TABLE `books`
  MODIFY `id` int(10) UNSIGNED NOT NULL AUTO_INCREMENT;

--
-- AUTO_INCREMENT for table `book_requests`
--
ALTER TABLE `book_requests`
  MODIFY `id` int(10) UNSIGNED NOT NULL AUTO_INCREMENT;

--
-- AUTO_INCREMENT for table `class_types`
--
ALTER TABLE `class_types`
  MODIFY `id` int(10) UNSIGNED NOT NULL AUTO_INCREMENT, AUTO_INCREMENT=7;

--
-- AUTO_INCREMENT for table `dorms`
--
ALTER TABLE `dorms`
  MODIFY `id` int(10) UNSIGNED NOT NULL AUTO_INCREMENT, AUTO_INCREMENT=6;

--
-- AUTO_INCREMENT for table `exams`
--
ALTER TABLE `exams`
  MODIFY `id` int(10) UNSIGNED NOT NULL AUTO_INCREMENT, AUTO_INCREMENT=8;

--
-- AUTO_INCREMENT for table `exam_records`
--
ALTER TABLE `exam_records`
  MODIFY `id` int(10) UNSIGNED NOT NULL AUTO_INCREMENT, AUTO_INCREMENT=3;

--
-- AUTO_INCREMENT for table `grades`
--
ALTER TABLE `grades`
  MODIFY `id` int(10) UNSIGNED NOT NULL AUTO_INCREMENT, AUTO_INCREMENT=7;

--
-- AUTO_INCREMENT for table `lgas`
--
ALTER TABLE `lgas`
  MODIFY `id` int(10) UNSIGNED NOT NULL AUTO_INCREMENT, AUTO_INCREMENT=776;

--
-- AUTO_INCREMENT for table `marks`
--
ALTER TABLE `marks`
  MODIFY `id` int(10) UNSIGNED NOT NULL AUTO_INCREMENT, AUTO_INCREMENT=14;

--
-- AUTO_INCREMENT for table `migrations`
--
ALTER TABLE `migrations`
  MODIFY `id` int(10) UNSIGNED NOT NULL AUTO_INCREMENT, AUTO_INCREMENT=30;

--
-- AUTO_INCREMENT for table `my_classes`
--
ALTER TABLE `my_classes`
  MODIFY `id` int(10) UNSIGNED NOT NULL AUTO_INCREMENT, AUTO_INCREMENT=11;

--
-- AUTO_INCREMENT for table `nationalities`
--
ALTER TABLE `nationalities`
  MODIFY `id` int(10) UNSIGNED NOT NULL AUTO_INCREMENT, AUTO_INCREMENT=194;

--
-- AUTO_INCREMENT for table `payments`
--
ALTER TABLE `payments`
  MODIFY `id` int(10) UNSIGNED NOT NULL AUTO_INCREMENT, AUTO_INCREMENT=3;

--
-- AUTO_INCREMENT for table `payment_records`
--
ALTER TABLE `payment_records`
  MODIFY `id` int(10) UNSIGNED NOT NULL AUTO_INCREMENT, AUTO_INCREMENT=15;

--
-- AUTO_INCREMENT for table `pins`
--
ALTER TABLE `pins`
  MODIFY `id` int(10) UNSIGNED NOT NULL AUTO_INCREMENT, AUTO_INCREMENT=67;

--
-- AUTO_INCREMENT for table `promotions`
--
ALTER TABLE `promotions`
  MODIFY `id` int(10) UNSIGNED NOT NULL AUTO_INCREMENT, AUTO_INCREMENT=2;

--
-- AUTO_INCREMENT for table `receipts`
--
ALTER TABLE `receipts`
  MODIFY `id` int(10) UNSIGNED NOT NULL AUTO_INCREMENT, AUTO_INCREMENT=7;

--
-- AUTO_INCREMENT for table `sections`
--
ALTER TABLE `sections`
  MODIFY `id` int(10) UNSIGNED NOT NULL AUTO_INCREMENT, AUTO_INCREMENT=13;

--
-- AUTO_INCREMENT for table `settings`
--
ALTER TABLE `settings`
  MODIFY `id` int(10) UNSIGNED NOT NULL AUTO_INCREMENT, AUTO_INCREMENT=20;

--
-- AUTO_INCREMENT for table `skills`
--
ALTER TABLE `skills`
  MODIFY `id` int(10) UNSIGNED NOT NULL AUTO_INCREMENT, AUTO_INCREMENT=15;

--
-- AUTO_INCREMENT for table `staff_records`
--
ALTER TABLE `staff_records`
  MODIFY `id` int(10) UNSIGNED NOT NULL AUTO_INCREMENT, AUTO_INCREMENT=2;

--
-- AUTO_INCREMENT for table `states`
--
ALTER TABLE `states`
  MODIFY `id` int(10) UNSIGNED NOT NULL AUTO_INCREMENT, AUTO_INCREMENT=51;

--
-- AUTO_INCREMENT for table `student_attendances`
--
ALTER TABLE `student_attendances`
  MODIFY `id` bigint(20) UNSIGNED NOT NULL AUTO_INCREMENT, AUTO_INCREMENT=8;

--
-- AUTO_INCREMENT for table `student_records`
--
ALTER TABLE `student_records`
  MODIFY `id` int(10) UNSIGNED NOT NULL AUTO_INCREMENT, AUTO_INCREMENT=39;

--
-- AUTO_INCREMENT for table `subjects`
--
ALTER TABLE `subjects`
  MODIFY `id` int(10) UNSIGNED NOT NULL AUTO_INCREMENT, AUTO_INCREMENT=24;

--
-- AUTO_INCREMENT for table `teacher_attendances`
--
ALTER TABLE `teacher_attendances`
  MODIFY `id` bigint(20) UNSIGNED NOT NULL AUTO_INCREMENT, AUTO_INCREMENT=2;

--
-- AUTO_INCREMENT for table `time_slots`
--
ALTER TABLE `time_slots`
  MODIFY `id` int(10) UNSIGNED NOT NULL AUTO_INCREMENT, AUTO_INCREMENT=6;

--
-- AUTO_INCREMENT for table `time_tables`
--
ALTER TABLE `time_tables`
  MODIFY `id` int(10) UNSIGNED NOT NULL AUTO_INCREMENT, AUTO_INCREMENT=13;

--
-- AUTO_INCREMENT for table `time_table_records`
--
ALTER TABLE `time_table_records`
  MODIFY `id` int(10) UNSIGNED NOT NULL AUTO_INCREMENT, AUTO_INCREMENT=5;

--
-- AUTO_INCREMENT for table `users`
--
ALTER TABLE `users`
  MODIFY `id` int(10) UNSIGNED NOT NULL AUTO_INCREMENT, AUTO_INCREMENT=58;

--
-- AUTO_INCREMENT for table `user_types`
--
ALTER TABLE `user_types`
  MODIFY `id` int(10) UNSIGNED NOT NULL AUTO_INCREMENT, AUTO_INCREMENT=7;

--
-- Constraints for dumped tables
--

--
-- Constraints for table `books`
--
ALTER TABLE `books`
  ADD CONSTRAINT `books_my_class_id_foreign` FOREIGN KEY (`my_class_id`) REFERENCES `my_classes` (`id`) ON DELETE CASCADE;

--
-- Constraints for table `book_requests`
--
ALTER TABLE `book_requests`
  ADD CONSTRAINT `book_requests_book_id_foreign` FOREIGN KEY (`book_id`) REFERENCES `books` (`id`) ON DELETE CASCADE,
  ADD CONSTRAINT `book_requests_user_id_foreign` FOREIGN KEY (`user_id`) REFERENCES `users` (`id`) ON DELETE CASCADE;

--
-- Constraints for table `exam_records`
--
ALTER TABLE `exam_records`
  ADD CONSTRAINT `exam_records_exam_id_foreign` FOREIGN KEY (`exam_id`) REFERENCES `exams` (`id`) ON DELETE CASCADE,
  ADD CONSTRAINT `exam_records_my_class_id_foreign` FOREIGN KEY (`my_class_id`) REFERENCES `my_classes` (`id`) ON DELETE CASCADE,
  ADD CONSTRAINT `exam_records_section_id_foreign` FOREIGN KEY (`section_id`) REFERENCES `sections` (`id`) ON DELETE CASCADE,
  ADD CONSTRAINT `exam_records_student_id_foreign` FOREIGN KEY (`student_id`) REFERENCES `users` (`id`) ON DELETE CASCADE;

--
-- Constraints for table `grades`
--
ALTER TABLE `grades`
  ADD CONSTRAINT `grades_class_type_id_foreign` FOREIGN KEY (`class_type_id`) REFERENCES `class_types` (`id`) ON DELETE CASCADE;

--
-- Constraints for table `lgas`
--
ALTER TABLE `lgas`
  ADD CONSTRAINT `lgas_state_id_foreign` FOREIGN KEY (`state_id`) REFERENCES `states` (`id`) ON DELETE CASCADE;

--
-- Constraints for table `marks`
--
ALTER TABLE `marks`
  ADD CONSTRAINT `marks_exam_id_foreign` FOREIGN KEY (`exam_id`) REFERENCES `exams` (`id`) ON DELETE CASCADE,
  ADD CONSTRAINT `marks_grade_id_foreign` FOREIGN KEY (`grade_id`) REFERENCES `grades` (`id`) ON DELETE SET NULL,
  ADD CONSTRAINT `marks_my_class_id_foreign` FOREIGN KEY (`my_class_id`) REFERENCES `my_classes` (`id`) ON DELETE CASCADE,
  ADD CONSTRAINT `marks_section_id_foreign` FOREIGN KEY (`section_id`) REFERENCES `sections` (`id`) ON DELETE CASCADE,
  ADD CONSTRAINT `marks_student_id_foreign` FOREIGN KEY (`student_id`) REFERENCES `users` (`id`) ON DELETE CASCADE,
  ADD CONSTRAINT `marks_subject_id_foreign` FOREIGN KEY (`subject_id`) REFERENCES `subjects` (`id`) ON DELETE CASCADE;

--
-- Constraints for table `my_classes`
--
ALTER TABLE `my_classes`
  ADD CONSTRAINT `my_classes_class_type_id_foreign` FOREIGN KEY (`class_type_id`) REFERENCES `class_types` (`id`) ON DELETE SET NULL;

--
-- Constraints for table `payments`
--
ALTER TABLE `payments`
  ADD CONSTRAINT `payments_my_class_id_foreign` FOREIGN KEY (`my_class_id`) REFERENCES `my_classes` (`id`) ON DELETE CASCADE;

--
-- Constraints for table `payment_records`
--
ALTER TABLE `payment_records`
  ADD CONSTRAINT `payment_records_payment_id_foreign` FOREIGN KEY (`payment_id`) REFERENCES `payments` (`id`) ON DELETE CASCADE,
  ADD CONSTRAINT `payment_records_student_id_foreign` FOREIGN KEY (`student_id`) REFERENCES `users` (`id`) ON DELETE CASCADE;

--
-- Constraints for table `pins`
--
ALTER TABLE `pins`
  ADD CONSTRAINT `pins_student_id_foreign` FOREIGN KEY (`student_id`) REFERENCES `users` (`id`) ON DELETE CASCADE,
  ADD CONSTRAINT `pins_user_id_foreign` FOREIGN KEY (`user_id`) REFERENCES `users` (`id`) ON DELETE CASCADE;

--
-- Constraints for table `promotions`
--
ALTER TABLE `promotions`
  ADD CONSTRAINT `promotions_from_class_foreign` FOREIGN KEY (`from_class`) REFERENCES `my_classes` (`id`) ON DELETE CASCADE,
  ADD CONSTRAINT `promotions_from_section_foreign` FOREIGN KEY (`from_section`) REFERENCES `sections` (`id`) ON DELETE CASCADE,
  ADD CONSTRAINT `promotions_student_id_foreign` FOREIGN KEY (`student_id`) REFERENCES `users` (`id`) ON DELETE CASCADE,
  ADD CONSTRAINT `promotions_to_class_foreign` FOREIGN KEY (`to_class`) REFERENCES `my_classes` (`id`) ON DELETE CASCADE,
  ADD CONSTRAINT `promotions_to_section_foreign` FOREIGN KEY (`to_section`) REFERENCES `sections` (`id`) ON DELETE CASCADE;

--
-- Constraints for table `receipts`
--
ALTER TABLE `receipts`
  ADD CONSTRAINT `receipts_pr_id_foreign` FOREIGN KEY (`pr_id`) REFERENCES `payment_records` (`id`) ON DELETE CASCADE;

--
-- Constraints for table `sections`
--
ALTER TABLE `sections`
  ADD CONSTRAINT `sections_my_class_id_foreign` FOREIGN KEY (`my_class_id`) REFERENCES `my_classes` (`id`) ON DELETE CASCADE,
  ADD CONSTRAINT `sections_teacher_id_foreign` FOREIGN KEY (`teacher_id`) REFERENCES `users` (`id`) ON DELETE SET NULL;

--
-- Constraints for table `sessions`
--
ALTER TABLE `sessions`
  ADD CONSTRAINT `sessions_ibfk_1` FOREIGN KEY (`user_id`) REFERENCES `users` (`id`) ON DELETE SET NULL;

--
-- Constraints for table `staff_records`
--
ALTER TABLE `staff_records`
  ADD CONSTRAINT `staff_records_user_id_foreign` FOREIGN KEY (`user_id`) REFERENCES `users` (`id`) ON DELETE CASCADE;

--
-- Constraints for table `student_attendances`
--
ALTER TABLE `student_attendances`
  ADD CONSTRAINT `student_attendances_ibfk_1` FOREIGN KEY (`student_id`) REFERENCES `student_records` (`id`) ON DELETE CASCADE,
  ADD CONSTRAINT `student_attendances_ibfk_2` FOREIGN KEY (`class_id`) REFERENCES `my_classes` (`id`) ON DELETE CASCADE,
  ADD CONSTRAINT `student_attendances_ibfk_3` FOREIGN KEY (`section_id`) REFERENCES `sections` (`id`) ON DELETE CASCADE,
  ADD CONSTRAINT `student_attendances_ibfk_4` FOREIGN KEY (`created_by`) REFERENCES `users` (`id`) ON DELETE CASCADE;

--
-- Constraints for table `student_records`
--
ALTER TABLE `student_records`
  ADD CONSTRAINT `student_records_dorm_id_foreign` FOREIGN KEY (`dorm_id`) REFERENCES `dorms` (`id`) ON DELETE SET NULL,
  ADD CONSTRAINT `student_records_my_class_id_foreign` FOREIGN KEY (`my_class_id`) REFERENCES `my_classes` (`id`) ON DELETE CASCADE,
  ADD CONSTRAINT `student_records_my_parent_id_foreign` FOREIGN KEY (`my_parent_id`) REFERENCES `users` (`id`) ON DELETE SET NULL,
  ADD CONSTRAINT `student_records_section_id_foreign` FOREIGN KEY (`section_id`) REFERENCES `sections` (`id`) ON DELETE CASCADE,
  ADD CONSTRAINT `student_records_user_id_foreign` FOREIGN KEY (`user_id`) REFERENCES `users` (`id`) ON DELETE CASCADE;

--
-- Constraints for table `subjects`
--
ALTER TABLE `subjects`
  ADD CONSTRAINT `subjects_my_class_id_foreign` FOREIGN KEY (`my_class_id`) REFERENCES `my_classes` (`id`) ON DELETE CASCADE,
  ADD CONSTRAINT `subjects_teacher_id_foreign` FOREIGN KEY (`teacher_id`) REFERENCES `users` (`id`);

--
-- Constraints for table `teacher_attendances`
--
ALTER TABLE `teacher_attendances`
  ADD CONSTRAINT `teacher_attendances_ibfk_1` FOREIGN KEY (`teacher_id`) REFERENCES `users` (`id`) ON DELETE CASCADE,
  ADD CONSTRAINT `teacher_attendances_ibfk_2` FOREIGN KEY (`created_by`) REFERENCES `users` (`id`) ON DELETE CASCADE;

--
-- Constraints for table `time_slots`
--
ALTER TABLE `time_slots`
  ADD CONSTRAINT `time_slots_ttr_id_foreign` FOREIGN KEY (`ttr_id`) REFERENCES `time_table_records` (`id`) ON DELETE CASCADE;

--
-- Constraints for table `time_tables`
--
ALTER TABLE `time_tables`
  ADD CONSTRAINT `time_tables_subject_id_foreign` FOREIGN KEY (`subject_id`) REFERENCES `subjects` (`id`) ON DELETE CASCADE,
  ADD CONSTRAINT `time_tables_ts_id_foreign` FOREIGN KEY (`ts_id`) REFERENCES `time_slots` (`id`) ON DELETE CASCADE,
  ADD CONSTRAINT `time_tables_ttr_id_foreign` FOREIGN KEY (`ttr_id`) REFERENCES `time_table_records` (`id`) ON DELETE CASCADE;

--
-- Constraints for table `time_table_records`
--
ALTER TABLE `time_table_records`
  ADD CONSTRAINT `time_table_records_exam_id_foreign` FOREIGN KEY (`exam_id`) REFERENCES `exams` (`id`) ON DELETE CASCADE,
  ADD CONSTRAINT `time_table_records_my_class_id_foreign` FOREIGN KEY (`my_class_id`) REFERENCES `my_classes` (`id`) ON DELETE CASCADE;

--
-- Constraints for table `users`
--
ALTER TABLE `users`
  ADD CONSTRAINT `users_bg_id_foreign` FOREIGN KEY (`bg_id`) REFERENCES `blood_groups` (`id`) ON DELETE SET NULL,
  ADD CONSTRAINT `users_lga_id_foreign` FOREIGN KEY (`lga_id`) REFERENCES `lgas` (`id`) ON DELETE SET NULL,
  ADD CONSTRAINT `users_nal_id_foreign` FOREIGN KEY (`nal_id`) REFERENCES `nationalities` (`id`) ON DELETE SET NULL,
  ADD CONSTRAINT `users_state_id_foreign` FOREIGN KEY (`state_id`) REFERENCES `states` (`id`) ON DELETE SET NULL;
COMMIT;

/*!40101 SET CHARACTER_SET_CLIENT=@OLD_CHARACTER_SET_CLIENT */;
/*!40101 SET CHARACTER_SET_RESULTS=@OLD_CHARACTER_SET_RESULTS */;
/*!40101 SET COLLATION_CONNECTION=@OLD_COLLATION_CONNECTION */;
